A,arm,b0,beta_cos,clipped,corr_frac,cr,explained,fit_gain,kind,load,load_pu,pred_err,q_loss,resid_after,reward,sat,sigma,trust,v_out
0.2608965189707507,blind,-0.02928353194920924,nan,0.0,nan,0.9784722222222222,nan,nan,ladder,0.0,0.0,nan,0.14438330030143262,0.0,-0.02928353194920924,0.0,0.0,nan,0.002441077441077441
0.2608965189707507,blind,-0.02928353194920924,nan,0.0,nan,0.9784722222222222,nan,nan,ladder,0.04816810859620091,0.03853448832831469,nan,0.14833491420748493,0.038534488391504355,-0.03134194259258023,0.0,2.0,nan,0.0026515151515151512
0.2608965189707507,oracle,-0.02928353194920924,0.0,0.0,0.8999999645319302,0.9791666666666666,1.0,-4.035104639559399,ladder,0.04816810859620091,0.03853448832831469,0.0,0.14445899934938902,0.003853449787089858,-0.02938845347118181,0.0,2.0,0.9000000357627869,0.002441077441077441
0.2608965189707507,pact,-0.02928353194920924,0.0,0.0,0.8467324782146165,0.9770833333333333,0.5261286411911831,-2.65818948126635,ladder,0.04816810859620091,0.03853448832831469,0.01826039034514098,0.14566115082934317,0.01830413513092329,-0.029925481121743282,0.0,2.0,0.8648166628761425,0.00324074074074074
0.2608965189707507,intercept,-0.02928353194920924,0.0,0.0,0.8312272172076121,0.9798611111111111,0.4044832329707341,0.3482068209456176,ladder,0.04816810859620091,0.03853448832831469,0.022947933908404945,0.1470367449542755,0.023528598878123655,-0.029865111837420244,0.0,2.0,0.873216783379515,0.002462121212121212
0.2608965189707507,blind,-0.02928353194920924,nan,0.0,nan,0.9715277777777778,nan,nan,ladder,0.07225216178868929,0.05780173184880368,nan,0.15526711351760356,0.05780173186856751,-0.03309978043330429,0.0,3.0,nan,0.003219696969696969
0.2608965189707507,oracle,-0.02928353194920924,0.0,0.0,0.899999988279837,0.9791666666666666,1.0,-3.883984921127396,ladder,0.07225216178868929,0.05780173184880368,0.0,0.1445605972186049,0.005780174285583762,-0.0294527804648678,0.0,3.0,0.9000000357627869,0.002441077441077441
0.2608965189707507,pact,-0.02928353194920924,0.0,0.0003472222325702508,0.8128042416058228,0.96875,0.5305045286046068,-1.9392801876435342,ladder,0.07225216178868929,0.05780173184880368,0.02713765134182419,0.1485510414778516,0.02728137365600358,-0.03065202755709577,0.0,3.0,0.8644724081373877,0.004945286195286195
0.2608965189707507,intercept,-0.02928353194920924,0.0,0.0,0.8312272522301879,0.9798611111111111,0.4044832139886785,0.3482065681212892,ladder,0.07225216178868929,0.05780173184880368,0.034421901576487814,0.1499000443068342,0.0352928990222444,-0.03041573538097426,0.0,3.0,0.873216783379515,0.002504208754208754
