episode,phase,arm,sigma,direct,A,load,load_frac,sat,clipped,x_std,q_cmd_abs,q_exec_abs,resid_after,reward,v_out,cr,q_loss,destroy,steps
0,train,blind,0.0,0,0.37911919344205136,0.0,0.0,0.0,0.0,0.01608315083513886,0.7640230451168875,0.7640230451168875,0.0,-0.1057764460768668,0.18866489159376187,0.3138075313807531,0.7640230433842141,0.0,239
1,eval,blind,0.0,0,0.41462239765982967,0.0,0.0,0.0,0.0,0.0014511750913351758,0.1597862970006017,0.1597862970006017,0.0,-0.031091201824768544,0.0,1.0,0.15978629699287336,0.0,239
2,eval,blind,0.0,0,0.496713411596384,0.0,0.0,0.0,0.0,0.0009687341100372624,0.14479342720249208,0.14479342720249208,0.0,-0.032821450290431445,0.0887536452390009,0.42677824267782427,0.14479342719648597,0.0,239
3,eval,blind,0.0,0,0.0008817254575398053,0.0,0.0,0.0,0.0,0.0017311036654711004,0.16401518060665998,0.16401518060665998,0.0,-0.03673063462026816,0.03220489412958032,0.7866108786610879,0.1640151807939389,0.0,239
4,eval,blind,0.0,0,0.19514417073502602,0.0,0.0,0.0,0.0,0.0015324465093878976,0.16304053808854713,0.16304053808854713,0.0,-0.035263889841402336,0.0008875364523900089,0.9832635983263598,0.1630405384734249,0.0,239
5,eval,blind,0.0,0,0.2405893336158956,0.0,0.0,0.0,0.0,0.0015369329667770963,0.15799376324879075,0.15799376324879075,0.0,-0.042382430141271986,0.16102447064790165,0.48535564853556484,0.15799376301761958,0.0,239
6,eval,blind,0.0,0,0.04457110651652085,0.0,0.0,0.0,0.0,0.0017041270634515998,0.1673381847941227,0.1673381847941227,0.0,-0.03918070806337131,0.021934829466210223,0.7824267782426778,0.16733818317463087,0.0,239
7,eval,blind,0.0,0,0.4417291495469365,0.0,0.0,0.0,0.0,0.0012206301219989332,0.14843913283058788,0.14843913283058788,0.0,-0.03595094385527276,0.09306453657918093,0.6861924686192469,0.14843913299714986,0.0,239
8,eval,blind,0.0,0,0.4977520082539135,0.0,0.0,0.0,0.0,0.0009783554826346792,0.14291390511655408,0.14291390511655408,0.0,-0.036096795473238345,0.1407379231647014,0.2803347280334728,0.1429139055948474,0.0,239
9,eval,blind,0.0,0,0.17120400338753217,0.0,0.0,0.0,0.0,0.001657975436466898,0.16406938633160612,0.16406938633160612,0.0,-0.03736968119600081,0.00025358184354000256,0.99581589958159,0.1640693859352086,0.0,239
10,eval,blind,0.0,0,0.00010017924373394666,0.0,0.0,0.0,0.0,0.001749768420405078,0.16675208172289396,0.16675208172289396,0.0,-0.038201083744870926,0.026372511728160263,0.7698744769874477,0.16675208252691112,0.0,239
11,train,blind,0.0,0,0.4961388843030782,0.0,0.0,0.0,0.0,0.01746620500955154,0.8685545437505554,0.8685545437505554,0.0,-0.10587420101559486,0.09610751870166095,0.4225941422594142,0.868554544514419,0.0,239
12,train,blind,0.0,0,0.20738793141458225,0.0,0.0,0.0,0.0,0.016847100285189733,0.8346918043232363,0.8346918043232363,0.0,-0.11202581042934084,0.1617852161785216,0.3723849372384937,0.8346918070320243,0.0,239
13,train,blind,0.0,0,0.5019918537838604,0.0,0.0,0.0,0.0,0.017542328632915993,0.8652912889564387,0.8652912889564387,0.0,-0.10976803185356927,0.1199442119944212,0.35564853556485354,0.8652912885428898,0.0,239
14,train,blind,0.0,0,0.0043400218550171355,0.0,0.0,0.0,0.0,0.016553913067761324,0.8285089458132389,0.8285089458132389,0.0,-0.11077253226231762,0.16761759857994166,0.3891213389121339,0.8285089450410112,0.0,239
15,train,blind,0.0,0,0.3501149740058049,0.0,0.0,0.0,0.0,0.016557548602820847,0.8230398186330516,0.8230398186330516,0.0,-0.10160471533127736,0.0915430455179409,0.47280334728033474,0.8230398188458828,0.0,239
16,train,blind,0.0,0,0.45752092677940104,0.0,0.0,0.0,0.0,0.015952348024740222,0.7839550071056917,0.7839550071056917,0.0,-0.10541545355228084,0.1579814885254216,0.3179916317991632,0.7839550048952483,0.0,239
17,train,blind,0.0,0,0.4881335476829956,0.0,0.0,0.0,0.0,0.01741794503983656,0.8358554500915016,0.8358554500915016,0.0,-0.10765849318298902,0.1393432230252314,0.36401673640167365,0.835855455602367,0.0,239
18,train,blind,0.0,0,0.36126752409238416,0.0,0.0,0.0,0.0,0.01614006179790149,0.7986105390547709,0.7986105390547709,0.0,-0.10149575744086822,0.11284392037530112,0.42677824267782427,0.7986105429556882,0.0,239
19,train,blind,0.0,0,0.3269574497412977,0.0,0.0,0.0,0.0,0.017362098177898848,0.8337982133592023,0.8337982133592023,0.0,-0.11003359747752288,0.14948649676683148,0.36401673640167365,0.8337982118188395,0.0,239
20,train,blind,0.0,0,0.4510805060552793,0.0,0.0,0.0,0.0,0.016894434302047706,0.8540195412154477,0.8540195412154477,0.0,-0.10922926963334355,0.1224800304298212,0.3598326359832636,0.8540195411849354,0.0,239
21,train,blind,0.0,0,0.4367288618482977,0.0,0.0,0.0,0.0,0.0163467850640346,0.7903703538443753,0.7903703538443753,0.0,-0.10522231314113902,0.1505008241409915,0.36401673640167365,0.7903703540696662,0.0,239
22,train,blind,0.0,0,0.38934417804177057,0.0,0.0,0.0,0.0,0.015789511655437835,0.801254737826072,0.801254737826072,0.0,-0.10276459802094569,0.1271712945353113,0.39748953974895396,0.8012547363859625,0.0,239
23,train,blind,0.0,0,0.43414843287689137,0.0,0.0,0.0,0.0,0.017204540572226607,0.8600484754999312,0.8600484754999312,0.0,-0.10798386514360367,0.11246354760999111,0.41422594142259417,0.8600484760343878,0.0,239
24,train,blind,0.0,0,0.21976542770897894,0.0,0.0,0.0,0.0,0.01606975721826613,0.8055087995703749,0.8055087995703749,0.0,-0.10704279143936805,0.14682388740966146,0.3263598326359833,0.8055088009577325,0.0,239
25,train,blind,0.0,0,0.2988020511427855,0.0,0.0,0.0,0.0,0.016302301614666084,0.8079786939102237,0.8079786939102237,0.0,-0.10378500419268141,0.13300367693673135,0.33472803347280333,0.807978695335766,0.0,239
26,train,blind,0.0,0,0.4754479658978925,0.0,0.0,0.0,0.0,0.01553887369161838,0.7779131820386423,0.7779131820386423,0.0,-0.1050907901476795,0.16558894383162168,0.2594142259414226,0.7779131828632523,0.0,239
27,train,blind,0.0,0,0.4738973789959445,0.0,0.0,0.0,0.0,0.016956079023535593,0.8440980654381309,0.8440980654381309,0.0,-0.10555186017607932,0.10282743755547104,0.4560669456066946,0.8440980637589324,0.0,239
28,train,blind,0.0,0,0.2864649897415939,0.0,0.0,0.0,0.0,0.016085485333506656,0.8125328154743466,0.8125328154743466,0.0,-0.10398755439374428,0.12717129453531129,0.3472803347280335,0.8125328147227229,0.0,239
29,train,blind,0.0,0,0.0010625911311165598,0.0,0.0,0.0,0.0,0.016966969333978753,0.8323812488482089,0.8323812488482089,0.0,-0.10760091337732365,0.12691771269177127,0.4225941422594142,0.8323812522419534,0.0,239
30,eval,blind,0.0,0,0.49905009486198143,0.0,0.0,0.0,0.0,0.00938030549570544,0.5199346034846046,0.5199346034846046,0.0,-0.06675199914179776,0.04830734119437048,0.497907949790795,0.5199346056470167,0.0,239
31,eval,blind,0.0,0,0.025146201497458203,0.0,0.0,0.0,0.0,0.009603557044398586,0.5238148430401312,0.5238148430401312,0.0,-0.06246779974079795,0.0,1.0,0.5238148468257701,0.0,239
32,eval,blind,0.0,0,0.3575846380647296,0.0,0.0,0.0,0.0,0.009140276742678245,0.5096735008466193,0.5096735008466193,0.0,-0.06874672797247376,0.09382528210980094,0.4435146443514644,0.5096734980115282,0.0,239
33,eval,blind,0.0,0,0.017240600663365867,0.0,0.0,0.0,0.0,0.009657222358704736,0.5227864835426898,0.5227864835426898,0.0,-0.06192659857341268,0.0,1.0,0.5227864859116318,0.0,239
34,eval,blind,0.0,0,0.475447956226714,0.0,0.0,0.0,0.0,0.009424113828268011,0.5192309194653603,0.5192309194653603,0.0,-0.06415477386614692,0.030810193990110306,0.48535564853556484,0.5192309199616042,0.0,239
35,eval,blind,0.0,0,7.168495677855786e-07,0.0,0.0,0.0,0.0,0.009618873920322837,0.5260560000042537,0.5260560000042537,0.0,-0.06264827016026034,0.0,1.0,0.5260559980259931,0.0,239
36,eval,blind,0.0,0,0.49905009486198143,0.0,0.0,0.0,0.0,0.008648146863512415,0.47679959493202145,0.47679959493202145,0.0,-0.07121289788498092,0.16356028908330159,0.16736401673640167,0.4767995923251114,0.0,239
37,eval,blind,0.0,0,0.43414843287689137,0.0,0.0,0.0,0.0,0.009196158876510095,0.5105425844506739,0.5105425844506739,0.0,-0.06712462762711352,0.09471281856219096,0.4309623430962343,0.5105425848045486,0.0,239
38,eval,blind,0.0,0,0.02230692015294469,0.0,0.0,0.0,0.0,0.009674239260725147,0.5206092285561262,0.5206092285561262,0.0,-0.06100630028552833,0.0,1.0,0.5206092306209605,0.0,239
39,eval,blind,0.0,0,0.4653420398303694,0.0,0.0,0.0,0.0,0.009487984760442289,0.530291253552776,0.530291253552776,0.0,-0.06849299477431853,0.035501458095600354,0.606694560669456,0.5302912548572944,0.0,239
40,train,blind,0.0,0,0.1830709686913921,0.0,0.0,0.0,0.0,0.016764199649564392,0.8178589825350869,0.8178589825350869,0.0,-0.10423186899235719,0.11956383922911124,0.38493723849372385,0.8178589828532884,0.0,239
41,train,blind,0.0,0,0.10942615455924436,0.0,0.0,0.0,0.0,0.016877991921817846,0.8406457984547236,0.8406457984547236,0.0,-0.10568634442375124,0.099404082667681,0.47280334728033474,0.8406458009584645,0.0,239
42,train,blind,0.0,0,0.42329975400295616,0.0,0.0,0.0,0.0,0.016091844063080753,0.8184913315782986,0.8184913315782986,0.0,-0.1070792301553205,0.14530239634842143,0.3138075313807531,0.8184913321432618,0.0,239
43,train,blind,0.0,0,0.1712039733909204,0.0,0.0,0.0,0.0,0.015702979387832362,0.7992143801814842,0.7992143801814842,0.0,-0.10968146557427189,0.18891847343730192,0.2928870292887029,0.7992143819941175,0.0,239
44,train,blind,0.0,0,0.4085878752840285,0.0,0.0,0.0,0.0,0.01630831388737149,0.8114832205752448,0.8114832205752448,0.0,-0.10462922793836565,0.13566628629390134,0.3179916317991632,0.8114832193725444,0.0,239
45,train,blind,0.0,0,0.051011509713621825,0.0,0.0,0.0,0.0,0.015824561219206508,0.8083898635214841,0.8083898635214841,0.0,-0.1050615664900501,0.12717129453531129,0.42677824267782427,0.8083898650836785,0.0,239
46,train,blind,0.0,0,0.15576158431569304,0.0,0.0,0.0,0.0,0.016306179908793964,0.8425649421983185,0.8425649421983185,0.0,-0.10876775666608332,0.1316089767972613,0.4309623430962343,0.8425649476929575,0.0,239
47,train,blind,0.0,0,0.5018883339752502,0.0,0.0,0.0,0.0,0.016051056496721058,0.828959884877983,0.828959884877983,0.0,-0.10787021508330187,0.13553949537213136,0.3723849372384937,0.8289598877122969,0.0,239
48,train,blind,0.0,0,0.11952208523755692,0.0,0.0,0.0,0.0,0.0166665398375478,0.8302513749404932,0.8302513749404932,0.0,-0.1092206306174636,0.14479523266134148,0.32217573221757323,0.8302513752496768,0.0,239
49,train,blind,0.0,0,0.06536319171795504,0.0,0.0,0.0,0.0,0.016786328312321314,0.8401117930851222,0.8401117930851222,0.0,-0.10456261822796126,0.10472930138202105,0.46443514644351463,0.8401117942753328,0.0,239
50,train,blind,0.0,0,0.2698529906927464,0.0,0.0,0.0,0.0,0.01612983609230168,0.792116657211192,0.792116657211192,0.0,-0.10023149613074406,0.1092937745657411,0.4393305439330544,0.7921166596952566,0.0,239
51,train,blind,0.0,0,0.5015085098678519,0.0,0.0,0.0,0.0,0.016603695992458315,0.7996788564835632,0.7996788564835632,0.0,-0.1029247539574907,0.12362114872575125,0.3472803347280335,0.7996788567254427,0.0,239
52,train,blind,0.0,0,0.5012103088587818,0.0,0.0,0.0,0.0,0.01638449928489471,0.79914316291839,0.79914316291839,0.0,-0.10368237662480981,0.13389121338912133,0.35564853556485354,0.7991431597562001,0.0,239
53,train,blind,0.0,0,0.34251428529070727,0.0,0.0,0.0,0.0,0.01611849333736344,0.8009236504842048,0.8009236504842048,0.0,-0.10413096242503232,0.1288195765183213,0.3472803347280335,0.8009236518520632,0.0,239
54,train,blind,0.0,0,0.15576158431569304,0.0,0.0,0.0,0.0,0.017569703536076963,0.8244167709699735,0.8244167709699735,0.0,-0.11243906307380802,0.19360973754279198,0.33472803347280333,0.8244167700304096,0.0,239
55,train,blind,0.0,0,0.44414848793262934,0.0,0.0,0.0,0.0,0.016461025907903534,0.8282044410206783,0.8282044410206783,0.0,-0.10634054423132776,0.12083174844681123,0.41841004184100417,0.8282044432381738,0.0,239
56,train,blind,0.0,0,0.2322390740961382,0.0,0.0,0.0,0.0,0.015889017605982627,0.7888810032955273,0.7888810032955273,0.0,-0.10244640558500515,0.12704450361354128,0.39748953974895396,0.7888810053353251,0.0,239
57,train,blind,0.0,0,0.1371777911142497,0.0,0.0,0.0,0.0,0.016341685165483583,0.8274467412896734,0.8274467412896734,0.0,-0.10724748183639368,0.1382021047293014,0.40585774058577406,0.8274467446398819,0.0,239
58,train,blind,0.0,0,0.44414846890925763,0.0,0.0,0.0,0.0,0.01657035121807213,0.843333553818978,0.843333553818978,0.0,-0.11377209229635302,0.17319639913782173,0.3305439330543933,0.8433335583870231,0.0,239
59,train,blind,0.0,0,0.09046233746581896,0.0,0.0,0.0,0.0,0.01661499806145931,0.8055378097619971,0.8055378097619971,0.0,-0.10544648586304924,0.13782173196399136,0.3891213389121339,0.8055378103689231,0.0,239
60,eval,blind,0.0,0,0.38597856810663256,0.0,0.0,0.0,0.0,0.009761833685165793,0.5425652875311704,0.5425652875311704,0.0,-0.07091055953659386,0.07506022568784074,0.6234309623430963,0.5425652870791309,0.0,239
61,eval,blind,0.0,0,0.2615026996800263,0.0,0.0,0.0,0.0,0.01012948607230972,0.5562610760892286,0.5562610760892286,0.0,-0.06591936999077179,0.0,1.0,0.5562610726405245,0.0,239
62,eval,blind,0.0,0,0.0,0.0,0.0,0.0,0.0,0.010079376720998701,0.5596969320933689,0.5596969320933689,0.0,-0.06787471375749497,0.0,1.0,0.5596969334712877,0.0,239
63,eval,blind,0.0,0,0.15197705929011698,0.0,0.0,0.0,0.0,0.009797648516986284,0.5435683220999011,0.5435683220999011,0.0,-0.06928687475294351,0.05388614175225055,0.7280334728033473,0.5435683210440342,0.0,239
64,eval,blind,0.0,0,0.029798324749413897,0.0,0.0,0.0,0.0,0.01008851922050929,0.5617702613315821,0.5617702613315821,0.0,-0.07009434923615365,0.010523646506910107,0.895397489539749,0.561770261378098,0.0,239
65,eval,blind,0.0,0,0.4341484118583851,0.0,0.0,0.0,0.0,0.009986883773620408,0.5566589533035725,0.5566589533035725,0.0,-0.06570072485543352,0.00025358184354000256,0.9916317991631799,0.5566589536838517,0.0,239
66,eval,blind,0.0,0,0.5015085098678519,0.0,0.0,0.0,0.0,0.009905878526536615,0.5582447707902437,0.5582447707902437,0.0,-0.07013740578988183,0.04285533155826043,0.5397489539748954,0.5582447702632923,0.0,239
67,eval,blind,0.0,0,0.04666315660102996,0.0,0.0,0.0,0.0,0.009772887636583969,0.5458318410932269,0.5458318410932269,0.0,-0.07079931947127127,0.05946494231013059,0.7322175732217573,0.5458318394467366,0.0,239
68,eval,blind,0.0,0,0.4634686679649094,0.0,0.0,0.0,0.0,0.010072065949845265,0.5581105579641573,0.5581105579641573,0.0,-0.06645562870394672,0.0007607455306200076,0.9748953974895398,0.5581105582669107,0.0,239
69,eval,blind,0.0,0,3.583932445953487e-06,0.0,0.0,0.0,0.0,0.010089509469694672,0.562211636344758,0.562211636344758,0.0,-0.06775935167916011,0.0,1.0,0.5622116392584773,0.0,239
70,train,blind,0.0,0,0.2905912866229464,0.0,0.0,0.0,0.0,0.016900881200397552,0.8400257415601898,0.8400257415601898,0.0,-0.10478424831212545,0.10802586534804107,0.4100418410041841,0.8400257348862763,0.0,239
71,train,blind,0.0,0,0.0038738003089876893,0.0,0.0,0.0,0.0,0.016573086287436624,0.8402322084958583,0.8402322084958583,0.0,-0.10939999840333248,0.1385824774946114,0.35564853556485354,0.840232211363719,0.0,239
72,train,blind,0.0,0,0.005953148992843712,0.0,0.0,0.0,0.0,0.01644480094278551,0.8376796653954055,0.8376796653954055,0.0,-0.10988941338199504,0.14530239634842143,0.36401673640167365,0.8376796619865419,0.0,239
73,train,blind,0.0,0,0.2531380826036473,0.0,0.0,0.0,0.0,0.01666779866321285,0.8381155214299717,0.8381155214299717,0.0,-0.10789305792052942,0.12488905794345126,0.4100418410041841,0.8381155236877875,0.0,239
74,train,blind,0.0,0,0.228072871281629,0.0,0.0,0.0,0.0,0.01535320497082866,0.7626904246697366,0.7626904246697366,0.0,-0.10444791335730906,0.15734753391657155,0.3263598326359833,0.7626904255355953,0.0,239
75,train,blind,0.0,0,0.37911919344205136,0.0,0.0,0.0,0.0,0.014837571796785775,0.730770517093866,0.730770517093866,0.0,-0.10666644489659324,0.19475085583872195,0.27615062761506276,0.7307705156230431,0.0,239
76,train,blind,0.0,0,0.0017479297706943053,0.0,0.0,0.0,0.0,0.017044114194436303,0.8571835625371175,0.8571835625371175,0.0,-0.11385377100306587,0.17154811715481172,0.3598326359832636,0.857183561385299,0.0,239
77,train,blind,0.0,0,0.02230692015294469,0.0,0.0,0.0,0.0,0.016849055249150452,0.84504752453401,0.84504752453401,0.0,-0.10717565806762856,0.1191834664638012,0.39748953974895396,0.8450475249194593,0.0,239
78,train,blind,0.0,0,0.4085878510234286,0.0,0.0,0.0,0.0,0.01534094628644133,0.7641848289567557,0.7641848289567557,0.0,-0.10524659419191842,0.1686319259541017,0.2719665271966527,0.7641848257916242,0.0,239
79,train,blind,0.0,0,0.0008817254575398053,0.0,0.0,0.0,0.0,0.016427992233250557,0.826328897638301,0.826328897638301,0.0,-0.10643319364319813,0.11943704830734118,0.4393305439330544,0.8263288955617862,0.0,239
80,train,blind,0.0,0,0.00791006892580767,0.0,0.0,0.0,0.0,0.016702481890370033,0.8485020645991529,0.8485020645991529,0.0,-0.11184031801139192,0.16330670723976165,0.3514644351464435,0.8485020632135605,0.0,239
81,train,blind,0.0,0,0.4554288766948919,0.0,0.0,0.0,0.0,0.015743181137679824,0.7758039472990954,0.7758039472990954,0.0,-0.10181304136015193,0.14416127805249143,0.2928870292887029,0.7758039495917964,0.0,239
82,train,blind,0.0,0,0.30288375901140147,0.0,0.0,0.0,0.0,0.016453131728427616,0.8517310653022143,0.8517310653022143,0.0,-0.10711897766337096,0.11322429314061114,0.4602510460251046,0.8517310656061298,0.0,239
83,train,blind,0.0,0,0.00046352766528258015,0.0,0.0,0.0,0.0,0.017690871391157038,0.8733379305905378,0.8733379305905378,0.0,-0.10982524796954604,0.1099277291745911,0.41841004184100417,0.8733379338034702,0.0,239
84,train,blind,0.0,0,0.051011509713621825,0.0,0.0,0.0,0.0,0.017381098490621444,0.8283977140691988,0.8283977140691988,0.0,-0.10798570281974813,0.1366806136680614,0.3807531380753138,0.8283977139107591,0.0,239
85,train,blind,0.0,0,0.2864649582486312,0.0,0.0,0.0,0.0,0.015518740825374537,0.7766718316402396,0.7766718316402396,0.0,-0.10715002492865473,0.1706605807024217,0.2803347280334728,0.776671829876649,0.0,239
86,train,blind,0.0,0,0.501946137909228,0.0,0.0,0.0,0.0,0.016675717048308027,0.8227350528519523,0.8227350528519523,0.0,-0.10564698436153844,0.11335108406238112,0.4435146443514644,0.8227350580355134,0.0,239
87,train,blind,0.0,0,0.12646471729623124,0.0,0.0,0.0,0.0,0.016806226425363866,0.840261328295185,0.840261328295185,0.0,-0.109203332237625,0.13186255864080132,0.3723849372384937,0.8402613304173789,0.0,239
88,train,blind,0.0,0,0.2947040708871606,0.0,0.0,0.0,0.0,0.01731610825386631,0.843676966728027,0.843676966728027,0.0,-0.10728605502593848,0.1095473564092811,0.47280334728033474,0.8436769649588017,0.0,239
89,train,blind,0.0,0,0.4341484118583851,0.0,0.0,0.0,0.0,0.016843412615062676,0.8505217920536775,0.8505217920536775,0.0,-0.1105076514993179,0.13845568657284135,0.4100418410041841,0.8505217917131421,0.0,239
90,eval,blind,0.0,0,0.15197702979228886,0.0,0.0,0.0,0.0,0.011132510406234026,0.6085877904208634,0.6085877904208634,0.0,-0.07882701301721706,0.09002155445670088,0.5690376569037657,0.6085877922367194,0.0,239
91,eval,blind,0.0,0,0.4948741555965635,0.0,0.0,0.0,0.0,0.010316473866372553,0.5688957523351933,0.5688957523351933,0.0,-0.08047809411385037,0.16191200710029158,0.14225941422594143,0.568895752765809,0.0,239
92,eval,blind,0.0,0,0.3269574497412977,0.0,0.0,0.0,0.0,0.011694545253612507,0.6344558377146222,0.6344558377146222,0.0,-0.07513521314753048,0.014961328768860149,0.7615062761506276,0.6344558411717716,0.0,239
93,eval,blind,0.0,0,0.5019461374421663,0.0,0.0,0.0,0.0,0.011764289801511679,0.6355772351370695,0.6355772351370695,0.0,-0.07485145857931817,0.013313046785850132,0.8158995815899581,0.6355772371016265,0.0,239
94,eval,blind,0.0,0,0.5015085098678519,0.0,0.0,0.0,0.0,0.010734232524448857,0.5927539048833328,0.5927539048833328,0.0,-0.0864582955051311,0.19310257385571192,0.029288702928870293,0.5927539024477212,0.0,239
95,eval,blind,0.0,0,0.32695747973790945,0.0,0.0,0.0,0.0,0.011942779559595315,0.6426033070895463,0.6426033070895463,0.0,-0.07675465921008978,0.0,1.0,0.6426033095845891,0.0,239
96,eval,blind,0.0,0,0.41462239765982967,0.0,0.0,0.0,0.0,0.011854639134630873,0.6422818299367338,0.6422818299367338,0.0,-0.07660539259958003,0.022061620387980218,0.41422594142259417,0.6422818292209358,0.0,239
97,eval,blind,0.0,0,0.09046233746581896,0.0,0.0,0.0,0.0,0.011358072433745387,0.6197200031584775,0.6197200031584775,0.0,-0.07952649777378834,0.06250792443261062,0.694560669456067,0.6197200032809209,0.0,239
98,eval,blind,0.0,0,0.47063660832414467,0.0,0.0,0.0,0.0,0.009084702923379559,0.5098951839253494,0.5098951839253494,0.0,-0.08663622437941494,0.2253074679852923,0.14644351464435146,0.5098951822600218,0.0,239
99,eval,blind,0.0,0,0.1870741706890581,0.0,0.0,0.0,0.0,0.011822058207445064,0.6370815229465772,0.6370815229465772,0.0,-0.07697065241329851,0.03791048560923037,0.7196652719665272,0.6370815184920025,0.0,239
100,train,blind,0.0,0,0.14082450920353773,0.0,0.0,0.0,0.0,0.016338748597271087,0.8208091620620823,0.8208091620620823,0.0,-0.10403587004453789,0.10587041967795105,0.46443514644351463,0.8208091625550394,0.0,239
101,train,blind,0.0,0,0.14082450920353773,0.0,0.0,0.0,0.0,0.017121610248258735,0.853861853542687,0.853861853542687,0.0,-0.10852873481406743,0.11449220235831113,0.4476987447698745,0.8538618528048233,0.0,239
102,train,blind,0.0,0,0.022306911853421187,0.0,0.0,0.0,0.0,0.017374137849508,0.8498449997048997,0.8498449997048997,0.0,-0.11071162154986607,0.13908964118169137,0.41422594142259417,0.8498449980132742,0.0,239
103,train,blind,0.0,0,0.14082450920353773,0.0,0.0,0.0,0.0,0.015566748150460672,0.7734153873002679,0.7734153873002679,0.0,-0.10447655654633387,0.1555724610117916,0.3472803347280335,0.7734153862355241,0.0,239
104,train,blind,0.0,0,0.07326333691171423,0.0,0.0,0.0,0.0,0.01672160180546655,0.8400899366354843,0.8400899366354843,0.0,-0.10502440759660789,0.09445923671865093,0.45188284518828453,0.8400899354238439,0.0,239
105,train,blind,0.0,0,0.29470410188133966,0.0,0.0,0.0,0.0,0.016049777624240168,0.8389683011061976,0.8389683011061976,0.0,-0.10678983859617967,0.11449220235831116,0.4393305439330544,0.8389683023414013,0.0,239
106,train,blind,0.0,0,0.06794362143753681,0.0,0.0,0.0,0.0,0.01656795809216891,0.822956053532317,0.822956053532317,0.0,-0.10610994007159817,0.11753518448079116,0.4393305439330544,0.8229560534569312,0.0,239
107,train,blind,0.0,0,0.5000638237883528,0.0,0.0,0.0,0.0,0.015974512834211023,0.7879047544680878,0.7879047544680878,0.0,-0.10545942001308242,0.1682515531887917,0.26359832635983266,0.7879047564378526,0.0,239
108,train,blind,0.0,0,0.0002749838577568819,0.0,0.0,0.0,0.0,0.01759837497713504,0.8519097832206902,0.8519097832206902,0.0,-0.11094009176370674,0.1401039685558514,0.42677824267782427,0.8519097796682923,0.0,239
109,train,blind,0.0,0,0.4955261374568512,0.0,0.0,0.0,0.0,0.015593656182394335,0.7887211760591762,0.7887211760591762,0.0,-0.10218331139724592,0.13211614048434134,0.3389121338912134,0.7887211781187601,0.0,239
110,train,blind,0.0,0,0.40549756067851994,0.0,0.0,0.0,0.0,0.016684418085818355,0.8255977677376201,0.8255977677376201,0.0,-0.10855308847972304,0.15290985165462154,0.35564853556485354,0.825597767543422,0.0,239
111,train,blind,0.0,0,0.4990500914879464,0.0,0.0,0.0,0.0,0.01622014517299675,0.8097439948859075,0.8097439948859075,0.0,-0.1093672929969157,0.1711677443895017,0.3723849372384937,0.8097439970021817,0.0,239
112,train,blind,0.0,0,0.36852381268091683,0.0,0.0,0.0,0.0,0.016244973076476276,0.8081427310051779,0.8081427310051779,0.0,-0.10799583820892553,0.16203879802206164,0.3305439330543933,0.808142731635075,0.0,239
113,train,blind,0.0,0,0.5008256455296923,0.0,0.0,0.0,0.0,0.01504050881580438,0.7649591222218389,0.7649591222218389,0.0,-0.1009555919649671,0.13845568657284135,0.2928870292887029,0.7649591224981851,0.0,239
114,train,blind,0.0,0,0.215627043554328,0.0,0.0,0.0,0.0,0.016372069168960574,0.8204021310457126,0.8204021310457126,0.0,-0.10954356193181596,0.16127805249144161,0.3263598326359833,0.8204021329769462,0.0,239
115,train,blind,0.0,0,0.1161134909462402,0.0,0.0,0.0,0.0,0.016838631081242877,0.8374953985713017,0.8374953985713017,0.0,-0.10438952294100343,0.09826296437175099,0.47280334728033474,0.8374954024715263,0.0,239
116,train,blind,0.0,0,0.19920827428452043,0.0,0.0,0.0,0.0,0.016926124165902327,0.8322296389476026,0.8322296389476026,0.0,-0.1096960621172116,0.1435273234436414,0.38493723849372385,0.8322296429192985,0.0,239
117,train,blind,0.0,0,0.4891325045084395,0.0,0.0,0.0,0.0,0.01619029761132274,0.8338647535904681,0.8338647535904681,0.0,-0.11197743157229269,0.17649296310384172,0.2803347280334728,0.833864753013404,0.0,239
118,train,blind,0.0,0,0.33479187858415665,0.0,0.0,0.0,0.0,0.016427514931405252,0.7928960691810153,0.7928960691810153,0.0,-0.09946897071914672,0.10523646506910107,0.4393305439330544,0.7928960710361763,0.0,239
119,train,blind,0.0,0,0.5005976261530134,0.0,0.0,0.0,0.0,0.016338667583897334,0.8283869252544068,0.8283869252544068,0.0,-0.10560900306821645,0.13363763154558134,0.3305439330543933,0.8283869245956539,0.0,239
120,eval,blind,0.0,0,0.41756536128392996,0.0,0.0,0.0,0.0,0.010599992119134346,0.5891487012348414,0.5891487012348414,0.0,-0.0735143262540817,0.053378978065170564,0.6317991631799164,0.5891487004700446,0.0,239
121,eval,blind,0.0,0,3.939117242876347e-05,0.0,0.0,0.0,0.0,0.01104188669145606,0.6049079557093616,0.6049079557093616,0.0,-0.07115274936238172,0.0006339546088500064,0.9790794979079498,0.6049079561316659,0.0,239
122,eval,blind,0.0,0,0.06036288374898542,0.0,0.0,0.0,0.0,0.010912754843751881,0.6006869117585186,0.6006869117585186,0.0,-0.07304887856187368,0.026372511728160263,0.7489539748953975,0.6006869129124318,0.0,239
123,eval,blind,0.0,0,0.4967134153445068,0.0,0.0,0.0,0.0,0.011005105795611522,0.6045082548173402,0.6045082548173402,0.0,-0.07291197425066055,0.0,1.0,0.6045082553120101,0.0,239
124,eval,blind,0.0,0,0.11952208523755692,0.0,0.0,0.0,0.0,0.01095858129583081,0.6000187349618729,0.6000187349618729,0.0,-0.07036828612557303,0.0025358184354000255,0.9539748953974896,0.6000187355632415,0.0,239
125,eval,blind,0.0,0,0.2405893336158956,0.0,0.0,0.0,0.0,0.010493480368560203,0.5859721614725919,0.5859721614725919,0.0,-0.07489235019426747,0.05642196018765057,0.6443514644351465,0.5859721599644306,0.0,239
126,eval,blind,0.0,0,0.0014944071429085072,0.0,0.0,0.0,0.0,0.011195386997638387,0.6092405983843066,0.6092405983843066,0.0,-0.07339118232710591,0.0,1.0,0.6092406003024113,0.0,239
127,eval,blind,0.0,0,0.1161134909462402,0.0,0.0,0.0,0.0,0.011141423843255477,0.6090981208380296,0.6090981208380296,0.0,-0.07230253329340908,0.0,1.0,0.6090981219306122,0.0,239
128,eval,blind,0.0,0,0.1870741706890581,0.0,0.0,0.0,0.0,0.010744933515327309,0.5922370803031961,0.5922370803031961,0.0,-0.0735130122033507,0.01597565614302016,0.7866108786610879,0.5922370828970496,0.0,239
129,eval,blind,0.0,0,0.33866769455229107,0.0,0.0,0.0,0.0,0.011009001677707773,0.6039346680980348,0.6039346680980348,0.0,-0.07226121743105696,0.0,1.0,0.6039346698529173,0.0,239
130,train,blind,0.0,0,0.013958478934449634,0.0,0.0,0.0,0.0,0.016921261458942145,0.8244111521722881,0.8244111521722881,0.0,-0.10846580716952735,0.14289336883479142,0.3891213389121339,0.8244111520760395,0.0,239
131,train,blind,0.0,0,0.47063660832414467,0.0,0.0,0.0,0.0,0.015743999835006333,0.7791258434620861,0.7791258434620861,0.0,-0.10236351319520974,0.14454165081780146,0.3598326359832636,0.7791258433518692,0.0,239
132,train,blind,0.0,0,0.48485144005920816,0.0,0.0,0.0,0.0,0.015523069585911212,0.7541492217255437,0.7541492217255437,0.0,-0.10279191421310177,0.17243565360720176,0.2384937238493724,0.75414921935588,0.0,239
133,train,blind,0.0,0,0.5018170490880057,0.0,0.0,0.0,0.0,0.016864405107142787,0.8359027047286971,0.8359027047286971,0.0,-0.10804178759510237,0.11816913908964118,0.401673640167364,0.8359027039917115,0.0,239
134,train,blind,0.0,0,0.4653420529930334,0.0,0.0,0.0,0.0,0.01627912131190752,0.8159851961804234,0.8159851961804234,0.0,-0.10209864937921775,0.11233675668822117,0.40585774058577406,0.8159851973360951,0.0,239
135,train,blind,0.0,0,0.2364116824699286,0.0,0.0,0.0,0.0,0.016168168738141468,0.792387628031575,0.792387628031575,0.0,-0.1046670325386566,0.1413718777735514,0.3723849372384937,0.7923876268626255,0.0,239
136,train,blind,0.0,0,0.04666315660102996,0.0,0.0,0.0,0.0,0.016921569758862505,0.8304304197492959,0.8304304197492959,0.0,-0.10480461979400199,0.100798782807151,0.42677824267782427,0.8304304203044361,0.0,239
137,train,blind,0.0,0,0.426090166965406,0.0,0.0,0.0,0.0,0.016093562144267853,0.8091161153805306,0.8091161153805306,0.0,-0.10238472899830978,0.11994421199442122,0.38493723849372385,0.8091161126238124,0.0,239
138,train,blind,0.0,0,0.5013695566800022,0.0,0.0,0.0,0.0,0.01583890190248662,0.7959486363946643,0.7959486363946643,0.0,-0.10628641861405441,0.1643210346139216,0.2803347280334728,0.7959486382112627,0.0,239
139,train,blind,0.0,0,0.501946137909228,0.0,0.0,0.0,0.0,0.015071050983378236,0.7435283694556567,0.7435283694556567,0.0,-0.1001671666012196,0.15531887916825157,0.26778242677824265,0.7435283665662938,0.0,239
140,train,blind,0.0,0,0.48599371905867245,0.0,0.0,0.0,0.0,0.016410148068366253,0.825416916833263,0.825416916833263,0.0,-0.10516522973237614,0.11677443895017116,0.4560669456066946,0.8254169108038393,0.0,239
141,train,blind,0.0,0,0.2531380826036473,0.0,0.0,0.0,0.0,0.016191878838261987,0.8463247746353868,0.8463247746353868,0.0,-0.10921892043393937,0.14454165081780146,0.3263598326359833,0.8463247748523296,0.0,239
142,train,blind,0.0,0,0.0034414877965033177,0.0,0.0,0.0,0.0,0.017276863779416736,0.8589107444096808,0.8589107444096808,0.0,-0.1083105754491596,0.10168631925954102,0.4769874476987448,0.8589107457445952,0.0,239
143,train,blind,0.0,0,0.0012663892698259907,0.0,0.0,0.0,0.0,0.016371245759005452,0.8255594134580141,0.8255594134580141,0.0,-0.10838014575493161,0.14492202358311146,0.4351464435146444,0.825559415724768,0.0,239
144,train,blind,0.0,0,0.45752091049933935,0.0,0.0,0.0,0.0,0.016784885806658902,0.8322050421183079,0.8322050421183079,0.0,-0.10864919132920617,0.1402307594776214,0.38493723849372385,0.8322050422018454,0.0,239
145,train,blind,0.0,0,0.48241889700017115,0.0,0.0,0.0,0.0,0.01614214192392016,0.7902348244788756,0.7902348244788756,0.0,-0.10146081900628863,0.11677443895017117,0.401673640167364,0.7902348232807177,0.0,239
146,train,blind,0.0,0,0.10942615455924436,0.0,0.0,0.0,0.0,0.016666629844614027,0.8428556642272981,0.8428556642272981,0.0,-0.10476617107831059,0.10523646506910106,0.42677824267782427,0.8428556613108557,0.0,239
147,train,blind,0.0,0,0.41162967206828666,0.0,0.0,0.0,0.0,0.014355177455289468,0.7068891475390191,0.7068891475390191,0.0,-0.10438343189869922,0.20413338404970205,0.24267782426778242,0.7068891492536123,0.0,239
148,train,blind,0.0,0,0.21150074667297547,0.0,0.0,0.0,0.0,0.016978734483646236,0.8332908722147283,0.8332908722147283,0.0,-0.1052696141181461,0.09712184607582099,0.4560669456066946,0.8332908705540958,0.0,239
149,train,blind,0.0,0,0.06536317144762423,0.0,0.0,0.0,0.0,0.0165769629371372,0.8351608613295535,0.8351608613295535,0.0,-0.11255071601202425,0.17370356282490174,0.30962343096234307,0.8351608612272586,0.0,239
150,eval,blind,0.0,0,0.5017308978531066,0.0,0.0,0.0,0.0,0.008819483031585001,0.48175554270524856,0.48175554270524856,0.0,-0.07812705435068268,0.20540129326740203,0.12133891213389121,0.4817555404951371,0.0,239
151,eval,blind,0.0,0,0.4595581971330663,0.0,0.0,0.0,0.0,0.008283015042465477,0.4498073214891067,0.4498073214891067,0.0,-0.07805592118314303,0.21427665779130217,0.17573221757322174,0.4498073200338439,0.0,239
152,eval,blind,0.0,0,0.002028211354079294,0.0,0.0,0.0,0.0,0.011500381827588236,0.6035400832921392,0.6035400832921392,0.0,-0.07081629719322535,0.0,1.0,0.6035400821542641,0.0,239
153,eval,blind,0.0,0,0.41462237339922975,0.0,0.0,0.0,0.0,0.009589714651818243,0.5177076715804543,0.5177076715804543,0.0,-0.07455490649597815,0.13731456827691133,0.3472803347280335,0.5177076708585191,0.0,239
154,eval,blind,0.0,0,0.5013695566800022,0.0,0.0,0.0,0.0,0.011353052618706824,0.6046965188311733,0.6046965188311733,0.0,-0.07147771889994177,0.0,1.0,0.60469651633641,0.0,239
155,eval,blind,0.0,0,0.4918546168378746,0.0,0.0,0.0,0.0,0.010382097970429325,0.5658358271276601,0.5658358271276601,0.0,-0.07363388360498947,0.07683529859262078,0.4811715481171548,0.5658358278146323,0.0,239
156,eval,blind,0.0,0,0.00864344554228482,0.0,0.0,0.0,0.0,0.011430361672503305,0.6047366281433584,0.6047366281433584,0.0,-0.07202547654154777,0.0,1.0,0.6047366252007648,0.0,239
157,eval,blind,0.0,0,0.20738796240876128,0.0,0.0,0.0,0.0,0.011008879775765925,0.5915960406409148,0.5915960406409148,0.0,-0.07285872834587358,0.03233168505135032,0.7824267782426778,0.5915960416994241,0.0,239
158,eval,blind,0.0,0,0.4392558533156307,0.0,0.0,0.0,0.0,0.007841505240804856,0.43203876644497635,0.43203876644497635,0.0,-0.07563263749120863,0.19424369215164197,0.26359832635983266,0.4320387655997707,0.0,239
159,eval,blind,0.0,0,0.004841264746033501,0.0,0.0,0.0,0.0,0.011353774839879703,0.6052610228251214,0.6052610228251214,0.0,-0.07123317847042485,0.0038037276531000383,0.9246861924686193,0.6052610231654023,0.0,239
160,train,blind,0.0,0,0.002674001892095833,0.0,0.0,0.0,0.0,0.016390161657955295,0.8217688923600328,0.8217688923600328,0.0,-0.1027051801614103,0.09610751870166095,0.4393305439330544,0.8217688924921523,0.0,239
161,train,blind,0.0,0,0.02979833591694332,0.0,0.0,0.0,0.0,0.017002981305161344,0.8534906934245361,0.8534906934245361,0.0,-0.10870169298603298,0.12222644858628123,0.4225941422594142,0.8534906954867584,0.0,239
162,train,blind,0.0,0,0.20738796240876128,0.0,0.0,0.0,0.0,0.017219110038404248,0.8410385904451794,0.8410385904451794,0.0,-0.10690902912678471,0.11994421199442121,0.3598326359832636,0.8410385871201975,0.0,239
163,train,blind,0.0,0,0.49099224892631954,0.0,0.0,0.0,0.0,0.01608091082509654,0.7901905944656628,0.7901905944656628,0.0,-0.10431019128119265,0.1521491061240015,0.3179916317991632,0.7901905932890241,0.0,239
164,train,blind,0.0,0,0.46716103549544,0.0,0.0,0.0,0.0,0.01642267271354171,0.8307608250045377,0.8307608250045377,0.0,-0.10620761755490299,0.12514263978699125,0.3891213389121339,0.8307608275688229,0.0,239
165,train,blind,0.0,0,3.5839762234725213e-06,0.0,0.0,0.0,0.0,0.016569932391789107,0.849247229273848,0.849247229273848,0.0,-0.1066211397383014,0.10409534677317103,0.4895397489539749,0.8492472285038482,0.0,239
166,train,blind,0.0,0,0.4955261337087284,0.0,0.0,0.0,0.0,0.01617630390317869,0.8176781569439996,0.8176781569439996,0.0,-0.10616532033670717,0.14086471408647142,0.3807531380753138,0.8176781564766449,0.0,239
167,train,blind,0.0,0,0.48112744734638124,0.0,0.0,0.0,0.0,0.01633526487509763,0.8248252651681461,0.8248252651681461,0.0,-0.10357300161715303,0.0892608089260809,0.5104602510460251,0.8248252624972101,0.0,239
168,train,blind,0.0,0,0.3685238404330022,0.0,0.0,0.0,0.0,0.016560026083071423,0.8321298883300446,0.8321298883300446,0.0,-0.10473016976959951,0.11271712945353111,0.39330543933054396,0.832129889230611,0.0,239
169,train,blind,0.0,0,0.06036288374898542,0.0,0.0,0.0,0.0,0.016889889189724082,0.8623163344720417,0.8623163344720417,0.0,-0.10923218368653313,0.11854951185495119,0.3807531380753138,0.8623163311512549,0.0,239
170,train,blind,0.0,0,0.10291769171121948,0.0,0.0,0.0,0.0,0.01656434596146001,0.8410276961376477,0.8410276961376477,0.0,-0.10379634669819512,0.08723215417776087,0.4895397489539749,0.8410276949325844,0.0,239
171,train,blind,0.0,0,0.2364117139628913,0.0,0.0,0.0,0.0,0.016869101604197377,0.8321129851136746,0.8321129851136746,0.0,-0.10609404839319825,0.12450868517814125,0.3891213389121339,0.832112988182328,0.0,239
172,train,blind,0.0,0,0.228072871281629,0.0,0.0,0.0,0.0,0.015925307145876085,0.8079555048354001,0.8079555048354001,0.0,-0.1027983804465559,0.11537973881070117,0.39330543933054396,0.8079555039118796,0.0,239
173,train,blind,0.0,0,0.49975553764743685,0.0,0.0,0.0,0.0,0.015589253106018115,0.7848500802053069,0.7848500802053069,0.0,-0.10458410366974401,0.15836186129073157,0.27615062761506276,0.78485007972359,0.0,239
174,train,blind,0.0,0,7.168495677855786e-07,0.0,0.0,0.0,0.0,0.01621788431243449,0.8268280374704544,0.8268280374704544,0.0,-0.11035973880628076,0.16317991631799164,0.39330543933054396,0.8268280398716251,0.0,239
175,train,blind,0.0,0,0.10614915428562363,0.0,0.0,0.0,0.0,0.017374203908627376,0.8549656233278777,0.8549656233278777,0.0,-0.10873076688529591,0.11880309369849118,0.4225941422594142,0.8549656233792183,0.0,239
176,train,blind,0.0,0,0.382569948058365,0.0,0.0,0.0,0.0,0.016531280685161635,0.8060057176955076,0.8060057176955076,0.0,-0.10463448241989563,0.1281856219094713,0.401673640167364,0.8060057175028802,0.0,239
177,train,blind,0.0,0,0.48485143263255603,0.0,0.0,0.0,0.0,0.014801868020798465,0.7628094547712653,0.7628094547712653,0.0,-0.10518476924334684,0.1775072904780018,0.24267782426778242,0.7628094559468729,0.0,239
178,train,blind,0.0,0,0.478391402922768,0.0,0.0,0.0,0.0,0.013811491484360216,0.6850017352208931,0.6850017352208931,0.0,-0.10201827121589128,0.21922150374033217,0.16736401673640167,0.685001736907282,0.0,239
179,train,blind,0.0,0,0.5017308978531066,0.0,0.0,0.0,0.0,0.01632535306904387,0.8243523287473862,0.8243523287473862,0.0,-0.11235478528168874,0.18612907315836183,0.3389121338912134,0.8243523305179402,0.0,239
180,eval,blind,0.0,0,0.005953148992843712,0.0,0.0,0.0,0.0,0.011654921750845895,0.6500807370850232,0.6500807370850232,0.0,-0.07556807985739428,0.0,1.0,0.6500807381382387,0.0,239
181,eval,blind,0.0,0,0.21976542770897894,0.0,0.0,0.0,0.0,0.010473982162118955,0.5891607504135395,0.5891607504135395,0.0,-0.08016229318317042,0.10992772917459107,0.5271966527196653,0.5891607476333964,0.0,239
182,eval,blind,0.0,0,0.14822527385418105,0.0,0.0,0.0,0.0,0.011448820760652859,0.6419617108470725,0.6419617108470725,0.0,-0.07647402906233008,0.03245847597312032,0.6276150627615062,0.6419617114557223,0.0,239
183,eval,blind,0.0,0,0.26150266818706364,0.0,0.0,0.0,0.0,0.011472683399915695,0.6454503760677003,0.6454503760677003,0.0,-0.07583112986190739,0.01584886522125016,0.7615062761506276,0.6454503729843794,0.0,239
184,eval,blind,0.0,0,0.3109929788440381,0.0,0.0,0.0,0.0,0.011709307086611144,0.654070259512219,0.654070259512219,0.0,-0.07598342817559292,0.0,1.0,0.6540702588296611,0.0,239
185,eval,blind,0.0,0,0.01609831423724945,0.0,0.0,0.0,0.0,0.011674615776626136,0.655224061473643,0.655224061473643,0.0,-0.07744559657864966,0.0010143273741600102,0.9665271966527197,0.6552240595945146,0.0,239
186,eval,blind,0.0,0,0.012959521485526197,0.0,0.0,0.0,0.0,0.01173958985259655,0.6600837854660705,0.6600837854660705,0.0,-0.07845459980455408,0.0,1.0,0.6600837838810928,0.0,239
187,eval,blind,0.0,0,0.48708752257839305,0.0,0.0,0.0,0.0,0.009089575908984598,0.5294525677564254,0.5294525677564254,0.0,-0.08043850763598813,0.1867630277672118,0.16736401673640167,0.5294525673321672,0.0,239
188,eval,blind,0.0,0,0.4982182329869342,0.0,0.0,0.0,0.0,0.011502454840582035,0.6473199495710589,0.6473199495710589,0.0,-0.07818549877156544,0.003296563966020033,0.9163179916317992,0.6473199510556066,0.0,239
189,eval,blind,0.0,0,0.4417291690690918,0.0,0.0,0.0,0.0,0.011379269312163152,0.6439218220601022,0.6439218220601022,0.0,-0.07762942135723978,0.02624572080639026,0.41422594142259417,0.6439218228355615,0.0,239
190,train,blind,0.0,0,0.4722936973789786,0.0,0.0,0.0,0.0,0.016381176378067474,0.8227510446970931,0.8227510446970931,0.0,-0.107705860491202,0.13439837707620136,0.39330543933054396,0.822751044408829,0.0,239
191,train,blind,0.0,0,0.0017479297706943053,0.0,0.0,0.0,0.0,0.016614599161192962,0.8403075853651039,0.8403075853651039,0.0,-0.10580712229758787,0.10434892861671105,0.4602510460251046,0.8403075889254122,0.0,239
192,train,blind,0.0,0,0.01609831423724945,0.0,0.0,0.0,0.0,0.016503455309259656,0.8329358831609144,0.8329358831609144,0.0,-0.10655541879195085,0.1115760111576011,0.4769874476987448,0.8329358809836732,0.0,239
193,train,blind,0.0,0,0.007910073110366154,0.0,0.0,0.0,0.0,0.016865074851795656,0.8213774377955553,0.8213774377955553,0.0,-0.10547925635547892,0.11512615696716115,0.41841004184100417,0.821377439943878,0.0,239
194,train,blind,0.0,0,0.167300184708377,0.0,0.0,0.0,0.0,0.01578506128229279,0.802296950789675,0.802296950789675,0.0,-0.10484988211186937,0.1276784582223913,0.46443514644351463,0.8022969501012197,0.0,239
195,train,blind,0.0,0,0.013958485612926312,0.0,0.0,0.0,0.0,0.01714946064517432,0.8372719282884478,0.8372719282884478,0.0,-0.1074560432398697,0.12362114872575124,0.38493723849372385,0.8372719260722054,0.0,239
196,train,blind,0.0,0,0.4532820462560594,0.0,0.0,0.0,0.0,0.016878132099991033,0.8277984654304872,0.8277984654304872,0.0,-0.10846159095170388,0.14745784201851148,0.38493723849372385,0.8277984668117524,0.0,239
197,train,blind,0.0,0,0.02979833591694332,0.0,0.0,0.0,0.0,0.016724649641397856,0.8330869887912623,0.8330869887912623,0.0,-0.10830031201554456,0.13313046785850133,0.42677824267782427,0.8330869886040757,0.0,239
198,train,blind,0.0,0,0.30694783156671684,0.0,0.0,0.0,0.0,0.016531579866693607,0.8175389239229418,0.8175389239229418,0.0,-0.10528377506506695,0.12121212121212123,0.4309623430962343,0.8175389246728183,0.0,239
199,train,blind,0.0,0,0.48599371905867245,0.0,0.0,0.0,0.0,0.016830144130535206,0.8291585080668518,0.8291585080668518,0.0,-0.10556006279767838,0.12286040319513124,0.3891213389121339,0.8291585109223576,0.0,239
200,train,blind,0.0,0,0.2032900131473154,0.0,0.0,0.0,0.0,0.01705274909099556,0.8524188017745397,0.8524188017745397,0.0,-0.10721928428529959,0.10155952833777102,0.4309623430962343,0.8524188034871625,0.0,239
201,train,blind,0.0,0,0.012959528787482421,0.0,0.0,0.0,0.0,0.016745537513609837,0.860888808965683,0.860888808965683,0.0,-0.10651569991271116,0.09344490934449094,0.4686192468619247,0.8608888069171439,0.0,239
202,train,blind,0.0,0,0.09973254793120946,0.0,0.0,0.0,0.0,0.016726933831785452,0.836020390109537,0.836020390109537,0.0,-0.10498272324039654,0.10472930138202104,0.46443514644351463,0.8360203874606811,0.0,239
203,train,blind,0.0,0,0.4918546168378746,0.0,0.0,0.0,0.0,0.016962268185182223,0.855363820137838,0.855363820137838,0.0,-0.11222156816559417,0.14859896031444148,0.3263598326359833,0.8553638175090137,0.0,239
204,train,blind,0.0,0,0.11274788101110218,0.0,0.0,0.0,0.0,0.016421956144600607,0.8343098804541712,0.8343098804541712,0.0,-0.10199032603235184,0.08000507163687082,0.4686192468619247,0.8343098855658606,0.0,239
205,train,blind,0.0,0,0.12999683991421615,0.0,0.0,0.0,0.0,0.015884468101537846,0.8150047775217679,0.8150047775217679,0.0,-0.10555430556853759,0.13490554076328135,0.3682008368200837,0.8150047748250348,0.0,239
206,train,blind,0.0,0,0.00027498420791614755,0.0,0.0,0.0,0.0,0.01623277645168444,0.8402508101952126,0.8402508101952126,0.0,-0.10698209763028378,0.11373145682769113,0.4769874476987448,0.8402508089738009,0.0,239
207,train,blind,0.0,0,0.019673128869098604,0.0,0.0,0.0,0.0,0.016269258765121884,0.8343397454986013,0.8343397454986013,0.0,-0.10644729502276558,0.11626727526309116,0.4393305439330544,0.8343397375522679,0.0,239
208,train,blind,0.0,0,0.32300136876191454,0.0,0.0,0.0,0.0,0.015930732566995787,0.7891759230876069,0.7891759230876069,0.0,-0.10681295383531678,0.15886902497781158,0.33472803347280333,0.7891759209566371,0.0,239
209,train,blind,0.0,0,0.08163405268523204,0.0,0.0,0.0,0.0,0.017255251106872344,0.8502598670486626,0.8502598670486626,0.0,-0.10765537150507545,0.11018131101813111,0.41422594142259417,0.850259865916314,0.0,239
210,eval,blind,0.0,0,0.502052641987655,0.0,0.0,0.0,0.0,0.012192041476775413,0.6640473304932087,0.6640473304932087,0.0,-0.07817972442712344,0.015595283377710155,0.6736401673640168,0.6640473308047333,0.0,239
211,eval,blind,0.0,0,0.2032900131473154,0.0,0.0,0.0,0.0,0.011573064778093639,0.6346044486786032,0.6346044486786032,0.0,-0.0809598882168857,0.08456954482059086,0.5815899581589958,0.6346044495181152,0.0,239
212,eval,blind,0.0,0,0.001747928173575944,0.0,0.0,0.0,0.0,0.012310296610761513,0.6720208126630743,0.6720208126630743,0.0,-0.07976957272216698,0.0,1.0,0.6720208118573362,0.0,239
213,eval,blind,0.0,0,0.47839141184577105,0.0,0.0,0.0,0.0,0.01212500561044306,0.6666463345413927,0.6666463345413927,0.0,-0.07970222987505561,0.005705591479650058,0.8326359832635983,0.6666463333689686,0.0,239
214,eval,blind,0.0,0,0.00027498420791614755,0.0,0.0,0.0,0.0,0.012251017967854709,0.6700804979232564,0.6700804979232564,0.0,-0.07964377376315204,0.0005071636870800051,0.9874476987447699,0.6700804964440427,0.0,239
215,eval,blind,0.0,0,0.21976542770897894,0.0,0.0,0.0,0.0,0.010661685475923713,0.5941191230857722,0.5941191230857722,0.0,-0.08205664328700436,0.12387473056929119,0.47280334728033474,0.5941191226022596,0.0,239
216,eval,blind,0.0,0,0.4367288618482977,0.0,0.0,0.0,0.0,0.011682441360687362,0.6455521069809982,0.6455521069809982,0.0,-0.08155200923300969,0.08342842652466081,0.26359832635983266,0.6455521098356588,0.0,239
217,eval,blind,0.0,0,0.4891325045084395,0.0,0.0,0.0,0.0,0.011787061334030399,0.6553332396630962,0.6553332396630962,0.0,-0.08171029744406798,0.07138328895651072,0.3305439330543933,0.6553332384778248,0.0,239
218,eval,blind,0.0,0,0.3991743668428696,0.0,0.0,0.0,0.0,0.011050534409287709,0.6184846018148765,0.6184846018148765,0.0,-0.08240300015156368,0.12248003042982114,0.4309623430962343,0.6184846017536595,0.0,239
219,eval,blind,0.0,0,0.004340025042008344,0.0,0.0,0.0,0.0,0.0122540264729426,0.6682563836853873,0.6682563836853873,0.0,-0.0789745183745899,0.013947001394700134,0.8284518828451883,0.6682563877302384,0.0,239
220,train,blind,0.0,0,0.24895395069227458,0.0,0.0,0.0,0.0,0.015535934684042152,0.7939386418923174,0.7939386418923174,0.0,-0.10658532283109887,0.1601369341955116,0.2803347280334728,0.7939386401529772,0.0,239
221,train,blind,0.0,0,0.44882433315462367,0.0,0.0,0.0,0.0,0.015127319748080861,0.7539181174344098,0.7539181174344098,0.0,-0.10411648445725644,0.17940915430455184,0.24267782426778242,0.7539181190902723,0.0,239
222,train,blind,0.0,0,0.06536319171795504,0.0,0.0,0.0,0.0,0.015498504976870562,0.8225410848731276,0.8225410848731276,0.0,-0.10464503320194567,0.11626727526309118,0.4351464435146444,0.8225410831908969,0.0,239
223,train,blind,0.0,0,0.03862336533101252,0.0,0.0,0.0,0.0,0.016662500358856903,0.8141240113449895,0.8141240113449895,0.0,-0.10566771857413632,0.13515912260682136,0.401673640167364,0.8141240134244502,0.0,239
224,train,blind,0.0,0,0.24895395069227458,0.0,0.0,0.0,0.0,0.016075890101141698,0.8338090029221699,0.8338090029221699,0.0,-0.10554145469067013,0.10130594649423101,0.4686192468619247,0.833809000366629,0.0,239
225,train,blind,0.0,0,0.4341484118583851,0.0,0.0,0.0,0.0,0.016321038963686224,0.8163535386698016,0.8163535386698016,0.0,-0.10496264778631294,0.12209965766451122,0.41841004184100417,0.8163535370135788,0.0,239
226,train,blind,0.0,0,2.149352706407653e-05,0.0,0.0,0.0,0.0,0.016806917127697225,0.8356136191464867,0.8356136191464867,0.0,-0.10406880208532811,0.09686826423228098,0.46443514644351463,0.8356136188777341,0.0,239
227,train,blind,0.0,0,0.34251428529070727,0.0,0.0,0.0,0.0,0.016295818661663013,0.8355051243529659,0.8355051243529659,0.0,-0.1037508070447075,0.10827944719158109,0.4435146443514644,0.8355051226523736,0.0,239
228,train,blind,0.0,0,0.0023364956484850357,0.0,0.0,0.0,0.0,0.01640915644655168,0.8494481317168998,0.8494481317168998,0.0,-0.1056180870197705,0.09471281856219094,0.4560669456066946,0.8494481344619412,0.0,239
229,train,blind,0.0,0,0.1595777480052146,0.0,0.0,0.0,0.0,0.01690301028417353,0.827060099052086,0.827060099052086,0.0,-0.10581769634246994,0.12450868517814125,0.40585774058577406,0.8270600964303164,0.0,239
230,train,blind,0.0,0,0.29059125512998374,0.0,0.0,0.0,0.0,0.016316278766505578,0.8239808225980862,0.8239808225980862,0.0,-0.1115203968862056,0.17750729047800176,0.3389121338912134,0.8239808228675797,0.0,239
231,train,blind,0.0,0,0.4671610229562556,0.0,0.0,0.0,0.0,0.015839158478446275,0.7666608472997674,0.7666608472997674,0.0,-0.10600567502247886,0.18524153670597185,0.22594142259414227,0.7666608490589935,0.0,239
232,train,blind,0.0,0,0.0034414851706437025,0.0,0.0,0.0,0.0,0.016733343423164945,0.8414943196409417,0.8414943196409417,0.0,-0.10872497856771202,0.12412831241283123,0.401673640167364,0.8414943185578365,0.0,239
233,train,blind,0.0,0,0.4754479658978925,0.0,0.0,0.0,0.0,0.01701883182210154,0.8423498957476356,0.8423498957476356,0.0,-0.10815052236212354,0.12032458475973119,0.39330543933054396,0.8423498938939753,0.0,239
234,train,blind,0.0,0,0.010237416458047271,0.0,0.0,0.0,0.0,0.01689562251719268,0.8479223851130099,0.8479223851130099,0.0,-0.11104363546934733,0.15316343349816156,0.4100418410041841,0.8479223903636647,0.0,239
235,train,blind,0.0,0,0.2573214347770065,0.0,0.0,0.0,0.0,0.01601438954468645,0.8133561720907938,0.8133561720907938,0.0,-0.1038424038499636,0.10967414733105109,0.4769874476987448,0.8133561734295317,0.0,239
236,train,blind,0.0,0,0.22807283978866633,0.0,0.0,0.0,0.0,0.01686542515816346,0.80783051682566,0.80783051682566,0.0,-0.10524663568531305,0.1347787498415113,0.3389121338912134,0.8078305145179409,0.0,239
237,train,blind,0.0,0,0.0017479297706943053,0.0,0.0,0.0,0.0,0.01745058563304091,0.8669148056327548,0.8669148056327548,0.0,-0.11093108539607269,0.1308482312666413,0.41422594142259417,0.8669148040380928,0.0,239
238,train,blind,0.0,0,7.168989468786756e-07,0.0,0.0,0.0,0.0,0.01661816685924221,0.8448393742035623,0.8448393742035623,0.0,-0.1076764043802806,0.10992772917459111,0.4393305439330544,0.8448393729023898,0.0,239
239,train,blind,0.0,0,0.4615407577247839,0.0,0.0,0.0,0.0,0.01684967539308273,0.8219337852430144,0.8219337852430144,0.0,-0.10789843105308666,0.15874223405604157,0.32217573221757323,0.8219337870489796,0.0,239
240,eval,blind,0.0,0,0.5000638219418426,0.0,0.0,0.0,0.0,0.011662523277789728,0.6503572683454059,0.6503572683454059,0.0,-0.07750845012975578,0.002916191200710029,0.9163179916317992,0.6503572680227862,0.0,239
241,eval,blind,0.0,0,0.4955261337087284,0.0,0.0,0.0,0.0,0.010232695080261974,0.5826964289822838,0.5826964289822838,0.0,-0.07810628746509957,0.11537973881070117,0.32217573221757323,0.58269642870366,0.0,239
242,eval,blind,0.0,0,0.11274785525415133,0.0,0.0,0.0,0.0,0.010744328883371344,0.6046858159942108,0.6046858159942108,0.0,-0.07760500074387204,0.07379231647014073,0.6276150627615062,0.604685813217154,0.0,239
243,eval,blind,0.0,0,0.2573214347770065,0.0,0.0,0.0,0.0,0.011865263489156837,0.6591775766476428,0.6591775766476428,0.0,-0.07942523015888715,0.0,1.0,0.6591775796048144,0.0,239
244,eval,blind,0.0,0,0.48485144005920816,0.0,0.0,0.0,0.0,0.011489273974414774,0.6439504346588166,0.6439504346588166,0.0,-0.0777035221870211,0.01305946494231013,0.7949790794979079,0.6439504344521378,0.0,239
245,eval,blind,0.0,0,0.4811274396703373,0.0,0.0,0.0,0.0,0.011508480943817349,0.6453750437772424,0.6453750437772424,0.0,-0.0774603979522729,0.0015214910612400153,0.9539748953974896,0.6453750488909091,0.0,239
246,eval,blind,0.0,0,3.939117242876347e-05,0.0,0.0,0.0,0.0,0.01180944407444494,0.6545973826651793,0.6545973826651793,0.0,-0.07723568572555493,0.0,1.0,0.6545973808288326,0.0,239
247,eval,blind,0.0,0,0.019673136295750737,0.0,0.0,0.0,0.0,0.01186209033675897,0.6548928750608756,0.6548928750608756,0.0,-0.07736931097791762,0.00025358184354000256,0.99581589958159,0.6548928750682398,0.0,239
248,eval,blind,0.0,0,0.31501786260686376,0.0,0.0,0.0,0.0,0.010098198528117091,0.5716023101592164,0.5716023101592164,0.0,-0.07978143931317501,0.1324965132496513,0.40585774058577406,0.5716023103856922,0.0,239
249,eval,blind,0.0,0,0.04055127557113798,0.0,0.0,0.0,0.0,0.011707152427022178,0.6457003139302322,0.6457003139302322,0.0,-0.0767135972041776,0.014961328768860147,0.7447698744769874,0.6457003161753814,0.0,239
250,train,blind,0.0,0,0.32695747973790945,0.0,0.0,0.0,0.0,0.016794659489586514,0.8171312714221587,0.8171312714221587,0.0,-0.10148955976049906,0.09712184607582097,0.4225941422594142,0.8171312722783843,0.0,239
251,train,blind,0.0,0,0.4488243158769947,0.0,0.0,0.0,0.0,0.015928692282781504,0.7579176684054371,0.7579176684054371,0.0,-0.10090923165185818,0.14225941422594143,0.3807531380753138,0.7579176709153597,0.0,239
252,train,blind,0.0,0,0.0038738029971952595,0.0,0.0,0.0,0.0,0.016521958604057526,0.8286982068955648,0.8286982068955648,0.0,-0.10622610980901108,0.11778876632433116,0.40585774058577406,0.8286982050097814,0.0,239
253,train,blind,0.0,0,0.502052641987655,0.0,0.0,0.0,0.0,0.01523902703263645,0.7710480325890385,0.7710480325890385,0.0,-0.1063593881936128,0.1811842272093318,0.2301255230125523,0.7710480333403867,0.0,239
254,train,blind,0.0,0,0.11274788101110218,0.0,0.0,0.0,0.0,0.016501874465175814,0.814151752319296,0.814151752319296,0.0,-0.10437886516817185,0.11018131101813111,0.46443514644351463,0.8141517519944957,0.0,239
255,train,blind,0.0,0,0.4986505481252782,0.0,0.0,0.0,0.0,0.0162343539085208,0.8327571431712626,0.8327571431712626,0.0,-0.10788912586967088,0.12298719411690122,0.4560669456066946,0.8327571458748583,0.0,239
256,train,blind,0.0,0,0.3926658787366775,0.0,0.0,0.0,0.0,0.016690478411261537,0.8285632062407218,0.8285632062407218,0.0,-0.10591472340032765,0.11626727526309114,0.47280334728033474,0.8285632039888755,0.0,239
257,train,blind,0.0,0,0.3190210646045298,0.0,0.0,0.0,0.0,0.016079684569418554,0.8074953511170263,0.8074953511170263,0.0,-0.10527300395120616,0.12476226702168124,0.4476987447698745,0.8074953440185731,0.0,239
258,train,blind,0.0,0,0.41462239765982967,0.0,0.0,0.0,0.0,0.016572958793662582,0.8176491275492074,0.8176491275492074,0.0,-0.10314891361609001,0.11576011157601117,0.3598326359832636,0.8176491318106951,0.0,239
259,train,blind,0.0,0,0.018431992074788867,0.0,0.0,0.0,0.0,0.016636626589380858,0.8298846700824953,0.8298846700824953,0.0,-0.10834091257645904,0.13655382274629138,0.3723849372384937,0.829884668098805,0.0,239
260,train,blind,0.0,0,0.43414843287689137,0.0,0.0,0.0,0.0,0.017126928601865987,0.8261999213545891,0.8261999213545891,0.0,-0.1019562159857394,0.09483960948396097,0.4435146443514644,0.8261999210497637,0.0,239
261,train,blind,0.0,0,0.5010294404741651,0.0,0.0,0.0,0.0,0.0164172181111437,0.8282908870834685,0.8282908870834685,0.0,-0.10505652900026649,0.10510967414733104,0.4351464435146444,0.8282908855117582,0.0,239
262,train,blind,0.0,0,0.2573214347770065,0.0,0.0,0.0,0.0,0.0173684138683875,0.861251565577096,0.861251565577096,0.0,-0.10822038328399611,0.11499936604539115,0.4100418410041841,0.8612515646834473,0.0,239
263,train,blind,0.0,0,0.5016285062847449,0.0,0.0,0.0,0.0,0.016587387542454642,0.8344767381705999,0.8344767381705999,0.0,-0.10514733076230905,0.1087866108786611,0.4100418410041841,0.834476740020761,0.0,239
264,train,blind,0.0,0,0.1371777911142497,0.0,0.0,0.0,0.0,0.016678968932534174,0.8323027888725991,0.8323027888725991,0.0,-0.10632489809938996,0.11360466590592114,0.46443514644351463,0.8323027923412112,0.0,239
265,train,blind,0.0,0,0.007217877699358381,0.0,0.0,0.0,0.0,0.016370336648863917,0.8275963688994052,0.8275963688994052,0.0,-0.1047281381383328,0.10434892861671104,0.4811715481171548,0.827596366575716,0.0,239
266,train,blind,0.0,0,0.1335682206150051,0.0,0.0,0.0,0.0,0.016670807632987842,0.8157646698432987,0.8157646698432987,0.0,-0.10638975827354652,0.13617344998098135,0.401673640167364,0.8157646680467291,0.0,239
267,train,blind,0.0,0,0.0488099870398625,0.0,0.0,0.0,0.0,0.016806033391224915,0.8309343033879372,0.8309343033879372,0.0,-0.10682490747181403,0.1205781666032712,0.45188284518828453,0.8309343034117431,0.0,239
268,train,blind,0.0,0,0.4417291690690918,0.0,0.0,0.0,0.0,0.016710836393563817,0.8288175858962485,0.8288175858962485,0.0,-0.1040468155188276,0.10510967414733104,0.4560669456066946,0.8288175842846611,0.0,239
269,train,blind,0.0,0,0.017240600663365867,0.0,0.0,0.0,0.0,0.016567550739857943,0.8382512168904229,0.8382512168904229,0.0,-0.10331650298969208,0.09090909090909093,0.4769874476987448,0.8382512201691082,0.0,239
270,eval,blind,0.0,0,0.053267700141298224,0.0,0.0,0.0,0.0,0.012783263258589236,0.7029892539130095,0.7029892539130095,0.0,-0.08119796097237054,0.0027894002789400274,0.9079497907949791,0.7029892517205388,0.0,239
271,eval,blind,0.0,0,0.3109929788440381,0.0,0.0,0.0,0.0,0.012733468370878421,0.704653549830285,0.704653549830285,0.0,-0.08396102657047709,0.004944845949030049,0.899581589958159,0.7046535513625939,0.0,239
272,eval,blind,0.0,0,0.19920827428452043,0.0,0.0,0.0,0.0,0.011816403986379566,0.6518530993406743,0.6518530993406743,0.0,-0.08371500436900592,0.09686826423228094,0.5271966527196653,0.6518530957399528,0.0,239
273,eval,blind,0.0,0,0.15576158431569304,0.0,0.0,0.0,0.0,0.012825868961451941,0.7087834844030596,0.7087834844030596,0.0,-0.08387652016334732,0.0005071636870800051,0.9832635983263598,0.708783484024064,0.0,239
274,eval,blind,0.0,0,0.478391402922768,0.0,0.0,0.0,0.0,0.01128250737109506,0.6198025241057743,0.6198025241057743,0.0,-0.08385137731377197,0.13541270445036133,0.2384937238493724,0.6198025220511185,0.0,239
275,eval,blind,0.0,0,0.016098320915726126,0.0,0.0,0.0,0.0,0.01275736457866979,0.696859272703466,0.696859272703466,0.0,-0.08309025204026625,0.014327374160010137,0.8577405857740585,0.6968592763198244,0.0,239
276,eval,blind,0.0,0,0.013958485612926312,0.0,0.0,0.0,0.0,0.012882005035581075,0.7065652179917531,0.7065652179917531,0.0,-0.08357242108516792,0.0003803727653100038,0.99581589958159,0.7065652184017268,0.0,239
277,eval,blind,0.0,0,0.10942612930107716,0.0,0.0,0.0,0.0,0.012885091107369842,0.708827957697992,0.708827957697992,0.0,-0.08401407867660343,0.0007607455306200076,0.9748953974895398,0.7088279568016776,0.0,239
278,eval,blind,0.0,0,0.2740191620142929,0.0,0.0,0.0,0.0,0.012095162995689584,0.6640757124668385,0.6640757124668385,0.0,-0.0843177443829101,0.08761252694307087,0.46443514644351463,0.664075713849167,0.0,239
279,eval,blind,0.0,0,0.4392558730871779,0.0,0.0,0.0,0.0,0.01196261550490764,0.6700419632710174,0.6700419632710174,0.0,-0.084593109421911,0.08938759984785091,0.4560669456066946,0.6700419600770454,0.0,239
280,train,blind,0.0,0,0.31902109559870884,0.0,0.0,0.0,0.0,0.01684047678236121,0.822425740595642,0.822425740595642,0.0,-0.10477626761730943,0.13262330417142135,0.3389121338912134,0.8224257399587529,0.0,239
281,train,blind,0.0,0,0.1445073664815396,0.0,0.0,0.0,0.0,0.016033342867996153,0.7920929921097336,0.7920929921097336,0.0,-0.10486213196631453,0.1477114238620515,0.2928870292887029,0.7920929895127358,0.0,239
282,train,blind,0.0,0,0.4797851214425007,0.0,0.0,0.0,0.0,0.015401697139914253,0.7774633105579281,0.7774633105579281,0.0,-0.10049996761390577,0.13351084062381136,0.3598326359832636,0.7774633107174475,0.0,239
283,train,blind,0.0,0,0.26150266818706364,0.0,0.0,0.0,0.0,0.01660333821943583,0.8263508911910915,0.8263508911910915,0.0,-0.10626671497743657,0.11702802079371116,0.37656903765690375,0.8263508932575149,0.0,239
284,train,blind,0.0,0,0.21150074667297547,0.0,0.0,0.0,0.0,0.016955615408527646,0.8494065072247174,0.8494065072247174,0.0,-0.11643713742810767,0.21414986686953214,0.2510460251046025,0.8494065035059525,0.0,239
285,train,blind,0.0,0,0.45752092677940104,0.0,0.0,0.0,0.0,0.016683175653768666,0.8402170724699188,0.8402170724699188,0.0,-0.10559023391852172,0.10726511981742107,0.42677824267782427,0.8402170709554798,0.0,239
286,train,blind,0.0,0,0.00014589585375555142,0.0,0.0,0.0,0.0,0.01661656504773601,0.8228450532238852,0.8228450532238852,0.0,-0.10502680109697411,0.11220996576645113,0.4393305439330544,0.8228450545683504,0.0,239
287,train,blind,0.0,0,0.4689258159280493,0.0,0.0,0.0,0.0,0.01717636945548323,0.8442655340398206,0.8442655340398206,0.0,-0.10905897231782233,0.12717129453531129,0.4393305439330544,0.8442655364974737,0.0,239
288,train,blind,0.0,0,0.4634686679649094,0.0,0.0,0.0,0.0,0.016340422960364545,0.8137459144557371,0.8137459144557371,0.0,-0.10568111342090977,0.13490554076328137,0.3723849372384937,0.8137459151627698,0.0,239
289,train,blind,0.0,0,0.22807283978866633,0.0,0.0,0.0,0.0,0.01669894762738573,0.8415149192181591,0.8415149192181591,0.0,-0.11051161548131812,0.15531887916825157,0.3054393305439331,0.8415149189103585,0.0,239
290,train,blind,0.0,0,0.48241889700017115,0.0,0.0,0.0,0.0,0.016263978290819724,0.7990831404799696,0.7990831404799696,0.0,-0.10341156594147424,0.13427158615443135,0.3891213389121339,0.7990831356084311,0.0,239
291,train,blind,0.0,0,3.939117242876347e-05,0.0,0.0,0.0,0.0,0.01658045742504891,0.8231284327836216,0.8231284327836216,0.0,-0.10709085561785835,0.1280588309877013,0.4560669456066946,0.823128435705782,0.0,239
292,train,blind,0.0,0,0.3926658787366775,0.0,0.0,0.0,0.0,0.01627036923675108,0.8130005038183603,0.8130005038183603,0.0,-0.10320280105679112,0.11652085710663115,0.3723849372384937,0.8130005037662057,0.0,239
293,train,blind,0.0,0,0.502052641987655,0.0,0.0,0.0,0.0,0.014807462768247312,0.7366673872810029,0.7366673872810029,0.0,-0.10436886944106481,0.195765183212882,0.19665271966527198,0.7366673871687526,0.0,239
294,train,blind,0.0,0,0.4769458410955545,0.0,0.0,0.0,0.0,0.01659069286861991,0.8363538480453412,0.8363538480453412,0.0,-0.1073141705808784,0.1210853302903512,0.39330543933054396,0.836353843235866,0.0,239
295,train,blind,0.0,0,0.05794356438666426,0.0,0.0,0.0,0.0,0.016655778000910598,0.8344886595359906,0.8344886595359906,0.0,-0.10763600717862354,0.12539622163053124,0.4476987447698745,0.8344886586674012,0.0,239
296,train,blind,0.0,0,0.2531380511106846,0.0,0.0,0.0,0.0,0.01676301837403904,0.850109999274609,0.850109999274609,0.0,-0.1073919594581025,0.11550652973247115,0.41841004184100417,0.8501099995945353,0.0,239
297,train,blind,0.0,0,0.41462237339922975,0.0,0.0,0.0,0.0,0.016333796043985497,0.809714939679062,0.809714939679062,0.0,-0.10636154188670359,0.15227589704577152,0.32217573221757323,0.8097149366939768,0.0,239
298,train,blind,0.0,0,0.29880202014860646,0.0,0.0,0.0,0.0,0.016428851132830567,0.8241406702222186,0.8241406702222186,0.0,-0.10893646169489253,0.15088119690630153,0.41841004184100417,0.8241406673311716,0.0,239
299,train,blind,0.0,0,0.32695747973790945,0.0,0.0,0.0,0.0,0.016423943109136214,0.8202767885878495,0.8202767885878495,0.0,-0.10412835970941872,0.10612400152149105,0.4309623430962343,0.8202767917956504,0.0,239
300,eval,blind,0.0,0,0.42045798061068984,0.0,0.0,0.0,0.0,0.011414565979873286,0.644983557103568,0.644983557103568,0.0,-0.07898588948642928,0.06466337010270062,0.3472803347280335,0.6449835584179994,0.0,239
301,eval,blind,0.0,0,0.4615407577247839,0.0,0.0,0.0,0.0,0.010671502267591126,0.6075788665266715,0.6075788665266715,0.0,-0.08125895415186062,0.11461899328008113,0.3891213389121339,0.6075788685228756,0.0,239
302,eval,blind,0.0,0,0.5019918537838604,0.0,0.0,0.0,0.0,0.009275544103562332,0.5213790870111856,0.5213790870111856,0.0,-0.08558422840116431,0.2315202231520223,0.029288702928870293,0.5213790867634843,0.0,239
303,eval,blind,0.0,0,0.09659447261740192,0.0,0.0,0.0,0.0,0.01187153119851044,0.6627906413756653,0.6627906413756653,0.0,-0.07779046430361461,0.013820210472930137,0.7447698744769874,0.6627906378091318,0.0,239
304,eval,blind,0.0,0,0.34633041948240073,0.0,0.0,0.0,0.0,0.010681835190241058,0.6127971299771984,0.6127971299771984,0.0,-0.08001229693200132,0.09382528210980093,0.4100418410041841,0.6127971335558947,0.0,239
305,eval,blind,0.0,0,0.34251428529070727,0.0,0.0,0.0,0.0,0.011774845473920326,0.6585443724398833,0.6585443724398833,0.0,-0.07882670078569722,0.010904019272220107,0.7615062761506276,0.65854437363713,0.0,239
306,eval,blind,0.0,0,0.034930997800481874,0.0,0.0,0.0,0.0,0.0120119462763914,0.66642154971426,0.66642154971426,0.0,-0.07782868923163361,0.002916191200710029,0.9456066945606695,0.6664215504253544,0.0,239
307,eval,blind,0.0,0,0.4392558730871779,0.0,0.0,0.0,0.0,0.010196950107376446,0.5773409940458242,0.5773409940458242,0.0,-0.08049833559477289,0.14783821478382148,0.2594142259414226,0.5773409956799805,0.0,239
308,eval,blind,0.0,0,0.500344105122346,0.0,0.0,0.0,0.0,0.008756051523899308,0.4974239939925062,0.4974239939925062,0.0,-0.0781740244939583,0.20983897552935205,0.07112970711297072,0.4974239963497393,0.0,239
309,eval,blind,0.0,0,0.26150266818706364,0.0,0.0,0.0,0.0,0.01051975536807031,0.5961880284872015,0.5961880284872015,0.0,-0.08008984802385768,0.11056168378344107,0.4686192468619247,0.5961880274481689,0.0,239
310,train,blind,0.0,0,0.1595777480052146,0.0,0.0,0.0,0.0,0.016211657817514467,0.8188883556232293,0.8188883556232293,0.0,-0.10364344943653891,0.10460251046025104,0.41841004184100417,0.8188883549643853,0.0,239
311,train,blind,0.0,0,0.4653420398303694,0.0,0.0,0.0,0.0,0.01631332328543067,0.844501909227052,0.844501909227052,0.0,-0.10868781586859333,0.13401800431089134,0.4225941422594142,0.8445019108846508,0.0,239
312,train,blind,0.0,0,0.5016285062847449,0.0,0.0,0.0,0.0,0.01617236403070359,0.7961049374177366,0.7961049374177366,0.0,-0.10283994334289083,0.12184607582097122,0.39330543933054396,0.7961049383294817,0.0,239
313,train,blind,0.0,0,0.5016285056306393,0.0,0.0,0.0,0.0,0.01553653659606859,0.8047493050287957,0.8047493050287957,0.0,-0.10582918684268891,0.1492329149232915,0.2928870292887029,0.8047492982233329,0.0,239
314,train,blind,0.0,0,0.2656803193330306,0.0,0.0,0.0,0.0,0.01635814378784276,0.8115135224294463,0.8115135224294463,0.0,-0.10399592542528974,0.11220996576645113,0.47280334728033474,0.8115135201524222,0.0,239
315,train,blind,0.0,0,0.08163402942219938,0.0,0.0,0.0,0.0,0.0167106896966197,0.8478809773423183,0.8478809773423183,0.0,-0.10526249269607285,0.099404082667681,0.4769874476987448,0.8478809780067382,0.0,239
316,train,blind,0.0,0,0.05101152724064263,0.0,0.0,0.0,0.0,0.016926012016544468,0.8345429038153532,0.8345429038153532,0.0,-0.10800426263920217,0.12526943070876126,0.4686192468619247,0.8345429016888493,0.0,239
317,train,blind,0.0,0,0.02819465429997744,0.0,0.0,0.0,0.0,0.016750342184853075,0.8192549667722511,0.8192549667722511,0.0,-0.10708303861667609,0.13604665905921134,0.3807531380753138,0.8192549676403525,0.0,239
318,train,blind,0.0,0,0.22391449630794566,0.0,0.0,0.0,0.0,0.016229200825215975,0.8053340996034973,0.8053340996034973,0.0,-0.10860030334687339,0.17535184480791174,0.3138075313807531,0.8053340965157966,0.0,239
319,train,blind,0.0,0,2.149352706407653e-05,0.0,0.0,0.0,0.0,0.017410878507054126,0.8562413072486302,0.8562413072486302,0.0,-0.11204977307768535,0.15012045137568147,0.3598326359832636,0.8562413120954737,0.0,239
320,train,blind,0.0,0,0.1371777911142497,0.0,0.0,0.0,0.0,0.016921660104458645,0.8316098600002513,0.8316098600002513,0.0,-0.10569858613201087,0.10460251046025104,0.48535564853556484,0.8316098594304507,0.0,239
321,train,blind,0.0,0,0.0007224776207325224,0.0,0.0,0.0,0.0,0.016758090236797057,0.8386836386749436,0.8386836386749436,0.0,-0.10892478479421278,0.12869278559655128,0.4435146443514644,0.838683643414779,0.0,239
322,train,blind,0.0,0,0.12646471729623124,0.0,0.0,0.0,0.0,0.016512294508376504,0.8365690688209055,0.8365690688209055,0.0,-0.11047547864079629,0.14682388740966146,0.3472803347280335,0.8365690684647358,0.0,239
323,train,blind,0.0,0,0.0030419384339404444,0.0,0.0,0.0,0.0,0.016710952228270314,0.8279101288717661,0.8279101288717661,0.0,-0.10844887608650373,0.14314695067833147,0.3807531380753138,0.8279101255633792,0.0,239
324,train,blind,0.0,0,0.022306911853421187,0.0,0.0,0.0,0.0,0.016695451824321843,0.8299462254077321,0.8299462254077321,0.0,-0.10964436817467232,0.14200583238240144,0.3891213389121339,0.8299462217779937,0.0,239
325,train,blind,0.0,0,0.4634686815016611,0.0,0.0,0.0,0.0,0.016581068867057656,0.8440402202526396,0.8440402202526396,0.0,-0.1069242967789225,0.1278052491441613,0.401673640167364,0.8440402187359891,0.0,239
326,train,blind,0.0,0,0.002674004892043177,0.0,0.0,0.0,0.0,0.01586269770449838,0.8145854053512278,0.8145854053512278,0.0,-0.10464852459198072,0.12514263978699128,0.41841004184100417,0.8145854042296353,0.0,239
327,train,blind,0.0,0,0.0007224776207325224,0.0,0.0,0.0,0.0,0.01677574718441175,0.83525315388476,0.83525315388476,0.0,-0.1092510855265357,0.13718777735514137,0.4393305439330544,0.8352531573205171,0.0,239
328,train,blind,0.0,0,3.939117242876347e-05,0.0,0.0,0.0,0.0,0.016705294622879896,0.8494314830048812,0.8494314830048812,0.0,-0.10777899082638563,0.11525294788893116,0.4811715481171548,0.8494314823104883,0.0,239
329,train,blind,0.0,0,0.025146192200367425,0.0,0.0,0.0,0.0,0.016968732242858248,0.8140073268982158,0.8140073268982158,0.0,-0.10151698511925318,0.07822999873209077,0.5439330543933054,0.8140073283928185,0.0,239
330,eval,blind,0.0,0,0.372095166128404,0.0,0.0,0.0,0.0,0.00952383417589395,0.5270746122718356,0.5270746122718356,0.0,-0.06938865665906208,0.07848358057563079,0.5439330543933054,0.5270746126168726,0.0,239
331,eval,blind,0.0,0,0.49099224892631954,0.0,0.0,0.0,0.0,0.0076331967491828,0.4257139267407701,0.4257139267407701,0.0,-0.07113726352668767,0.18815772790668178,0.200836820083682,0.42571392843556694,0.0,239
332,eval,blind,0.0,0,0.3308880599050015,0.0,0.0,0.0,0.0,0.010307974049579898,0.5780068050493257,0.5780068050493257,0.0,-0.07118450579568414,0.043742868010650436,0.6778242677824268,0.5780068070557083,0.0,239
333,eval,blind,0.0,0,0.14450739523119227,0.0,0.0,0.0,0.0,0.010311731211373496,0.5724404686165654,0.5724404686165654,0.0,-0.06900951997646483,0.03106377583365031,0.7322175732217573,0.5724404680888402,0.0,239
334,eval,blind,0.0,0,0.42329975400295616,0.0,0.0,0.0,0.0,0.00953871561565035,0.5472877351060572,0.5472877351060572,0.0,-0.0702059225274787,0.05553442373526056,0.45188284518828453,0.5472877365987724,0.0,239
335,eval,blind,0.0,0,0.08452669602320004,0.0,0.0,0.0,0.0,0.009891771146380752,0.5504099371917078,0.5504099371917078,0.0,-0.07078792385835005,0.06314187904146064,0.6736401673640168,0.5504099360506387,0.0,239
336,eval,blind,0.0,0,0.501817049438165,0.0,0.0,0.0,0.0,0.009190481037259975,0.5170478356308518,0.5170478356308518,0.0,-0.06867456201658481,0.07366552554837073,0.5230125523012552,0.5170478330459646,0.0,239
337,eval,blind,0.0,0,0.46716103549544,0.0,0.0,0.0,0.0,0.009955431171010977,0.5571353743515254,0.5571353743515254,0.0,-0.0694974028981168,0.056802332952960576,0.5774058577405857,0.5571353746284083,0.0,239
338,eval,blind,0.0,0,0.24895395069227458,0.0,0.0,0.0,0.0,0.00972666711620519,0.5411037860679826,0.5411037860679826,0.0,-0.06971265724215639,0.0684670977558007,0.5774058577405857,0.5411037855717168,0.0,239
339,eval,blind,0.0,0,0.00046352766528258015,0.0,0.0,0.0,0.0,0.010675382054173174,0.5916637608072249,0.5916637608072249,0.0,-0.07057459026591915,0.0,1.0,0.591663760625876,0.0,239
340,train,blind,0.0,0,0.0020282095075691135,0.0,0.0,0.0,0.0,0.016781477871347046,0.8346006775500884,0.8346006775500884,0.0,-0.10544256672636206,0.11018131101813108,0.4560669456066946,0.834600676525403,0.0,239
341,train,blind,0.0,0,0.502091316396975,0.0,0.0,0.0,0.0,0.016025516639023272,0.8051196753230554,0.8051196753230554,0.0,-0.10349084038563668,0.12552301255230125,0.39748953974895396,0.8051196696465139,0.0,239
342,train,blind,0.0,0,0.5018883342007137,0.0,0.0,0.0,0.0,0.015494826051044165,0.7641193112319483,0.7641193112319483,0.0,-0.09845228791940923,0.1284392037530113,0.3598326359832636,0.764119312517654,0.0,239
343,train,blind,0.0,0,0.0008817254575398053,0.0,0.0,0.0,0.0,0.0171517193060228,0.8302995409800916,0.8302995409800916,0.0,-0.10667135155616615,0.12400152149106122,0.41422594142259417,0.830299538473524,0.0,239
344,train,blind,0.0,0,0.49905009486198143,0.0,0.0,0.0,0.0,0.016697225049839483,0.8408300591063799,0.8408300591063799,0.0,-0.10364660473076767,0.08494991758590084,0.4895397489539749,0.8408300507773215,0.0,239
345,train,blind,0.0,0,0.10614915428562363,0.0,0.0,0.0,0.0,0.01648890204234711,0.8191030956337143,0.8191030956337143,0.0,-0.10642176384552851,0.14137187777355145,0.3682008368200837,0.8191030941530588,0.0,239
346,train,blind,0.0,0,0.44882433315462367,0.0,0.0,0.0,0.0,0.01616810473309495,0.8298696740900622,0.8298696740900622,0.0,-0.10678034705695655,0.11588690249778118,0.4225941422594142,0.8298696742786446,0.0,239
347,train,blind,0.0,0,0.2864649582486312,0.0,0.0,0.0,0.0,0.015022113474054752,0.7586680265400699,0.7586680265400699,0.0,-0.10234062115033071,0.1503740332192215,0.3682008368200837,0.7586680224598283,0.0,239
348,train,blind,0.0,0,0.06794362143753681,0.0,0.0,0.0,0.0,0.01695673453921616,0.8565278933636813,0.8565278933636813,0.0,-0.10634908162288713,0.09788259160644099,0.45188284518828453,0.8565278916483655,0.0,239
349,train,blind,0.0,0,0.48708752257839305,0.0,0.0,0.0,0.0,0.01623807485199779,0.8026719618916013,0.8026719618916013,0.0,-0.1061015677342781,0.1414986686953214,0.37656903765690375,0.8026719619337814,0.0,239
350,train,blind,0.0,0,0.502091316396975,0.0,0.0,0.0,0.0,0.01630203209225104,0.8281382788674103,0.8281382788674103,0.0,-0.10570515209690426,0.11601369341955116,0.4225941422594142,0.8281382788547047,0.0,239
351,train,blind,0.0,0,0.5018170490880057,0.0,0.0,0.0,0.0,0.015958942570353404,0.8039240938724335,0.8039240938724335,0.0,-0.10407744517346706,0.13794852288576137,0.34309623430962344,0.8039240948287457,0.0,239
352,train,blind,0.0,0,0.17513455355801244,0.0,0.0,0.0,0.0,0.016179569579941457,0.8163404318827465,0.8163404318827465,0.0,-0.10711133540657711,0.14492202358311146,0.401673640167364,0.8163404323000119,0.0,239
353,train,blind,0.0,0,0.3612674953427315,0.0,0.0,0.0,0.0,0.017226932252753353,0.8520723670471663,0.8520723670471663,0.0,-0.1087701478170293,0.11969063015088119,0.4100418410041841,0.852072365166409,0.0,239
354,train,blind,0.0,0,0.4615407718850152,0.0,0.0,0.0,0.0,0.016075037100262722,0.8438874501812907,0.8438874501812907,0.0,-0.1048408863003662,0.10358818308609104,0.4435146443514644,0.8438874488187853,0.0,239
