episode,phase,arm,sigma,direct,A,load,load_frac,sat,clipped,x_std,q_cmd_abs,q_exec_abs,resid_after,reward,v_out,cr,q_loss,destroy,steps
0,train,blind,3.0,0,0.23879932624592637,0.07698484695811203,0.1283080709639334,0.04211229940547662,0.0040106953066938065,0.016170181313474828,1.5326857566833496,1.593408093732946,0.07691383568779951,-3.142837918435925,0.3114309553608678,0.3088235294117647,1.5934080902772139,0.014705882352941176,68
1,eval,blind,3.0,0,0.15197705929011698,0.030918516525987753,0.051530852336681275,0.04374286869080994,0.0,0.0042145438414363185,0.3602536051343176,0.4164660777506968,0.03091851652049273,-0.10186546619803181,0.5746758064037509,0.029288702928870293,0.41646607975541927,0.0,239
2,eval,blind,3.0,0,0.05101152724064263,0.0029697765244712186,0.004949627354568544,0.0,0.0,0.0038569401209262127,0.35742396116256714,0.3514181673526764,0.0029697765336651064,-0.08332278002056445,0.44939018961987004,0.12552301255230125,0.35141816642137313,0.0,239
3,eval,blind,3.0,0,0.10614912902745642,0.04789717053773305,0.07982860730770268,0.05838721990585327,0.0,0.005729213291701225,0.34941605045206875,0.5057217509926114,0.047897170248917105,-0.12144128769226763,0.7281521706875573,0.016736401673640166,0.5057217488086517,0.0,239
4,eval,blind,3.0,0,0.3893441522848197,0.18378748366262984,0.30631241313493923,0.36154431191947173,0.0,0.010799330336754853,0.3415967083251626,1.0049649743854252,0.18378748322879707,-0.1946008419992625,0.8373542241609544,0.012552301255230125,1.0049649690683267,0.0,239
5,eval,blind,3.0,0,0.053267700141298224,0.0024880755422962003,0.004146792415306218,0.0,0.0,0.004489618477267389,0.37144635617733,0.36709969113561397,0.002488075554172907,-0.09554237226624239,0.6206712365352088,0.1087866108786611,0.3670996904446156,0.0,239
6,eval,blind,3.0,0,0.33866769455229107,0.11667339999544749,0.19445562966936134,0.24096614533887248,0.0,0.008288927543586877,0.3409469327791964,0.7612521536804143,0.11667339938799635,-0.1326455544569373,0.40179233805157427,0.2175732217573222,0.7612521571765863,0.0,239
7,eval,blind,3.0,0,0.49418196437011425,0.19243275708051527,0.320721202638269,0.36059338116246786,0.0,0.01055575830902842,0.35844179925559455,0.9884334707235193,0.1924327557100171,-0.18767060022632656,0.575803436303748,0.13389121338912133,0.9884334771181198,0.0,239
8,eval,blind,3.0,0,0.0012663892698259907,0.00014244718470280185,0.00023741197386789662,0.0,0.0,0.0037434052843522574,0.3459986554279487,0.34549124195984715,0.00014244717282228947,-0.09293844771288336,0.5692453782011335,0.0,0.3454912440327352,0.0,239
9,eval,blind,3.0,0,0.4392558533156307,0.2107302989667865,0.3512170985035269,0.41175351731447996,0.0,0.012060406093707768,0.334237456695804,1.1038509064887856,0.210730298472577,-0.2060268463516154,0.8175020030267961,0.02092050209205021,1.103850908963242,0.0,239
10,eval,blind,3.0,0,0.0010625928217568533,0.00010220580427443694,0.0001703429994700992,0.0,0.0,0.003635287440720961,0.34601675173478147,0.3458303495555742,0.00010220579949483298,-0.09003814395105866,0.5503724146117095,0.08368200836820083,0.34583034754000314,0.0,239
11,train,blind,3.0,0,0.259479925773173,0.08101666235888842,0.13502776161185465,0.03181818276643753,0.0012987013374056134,0.015515616815537214,1.5302394960607801,1.5803319122110093,0.08097044338937849,-3.0676819273420115,0.44032421479229983,0.21428571428571427,1.580331925566858,0.014285714285714285,70
12,train,blind,3.0,0,0.43151492035799666,0.2021841996617874,0.3369736083108189,0.36782046310821837,0.05686572992153247,0.018996848752059696,1.4329840488513643,1.7225635722591288,0.1988551241753142,-0.23976898289528367,0.4628920739487819,0.22594142259414227,1.7225635653204505,0.0,239
13,train,blind,3.0,0,0.24477059851891544,0.1081450433856726,0.18024171019739496,0.1721186763197807,0.03727653161252393,0.016868272706648046,1.4591033102079416,1.5951066570800718,0.1056137472647705,-0.21227468932768123,0.34377874714383216,0.32217573221757323,1.5951066536258542,0.0,239
14,train,blind,3.0,0,0.4634686815016611,0.21468613577775744,0.35781017395826464,0.34537847109419534,0.029288703739393705,0.019618733883465186,1.5289900494918665,1.755535663421184,0.21378974563277595,-0.2321592851262277,0.435502537167275,0.3138075313807531,1.7555356733150487,0.0,239
15,train,blind,3.0,0,0.9205129572323391,0.33515782601066996,0.5585963135319096,0.4902597431625639,0.003246753343514034,0.018368119906101908,1.65513562304633,1.721442848443985,0.33506921625563074,-14.522181971865965,0.553191489361702,0.14285714285714285,1.7214428644710338,0.07142857142857142,14
16,train,blind,3.0,0,0.4554288604148302,0.21946051126355978,0.3657674548659663,0.3855077970352133,0.0654241169596317,0.019304945796073482,1.4319257469356808,1.7418175601560202,0.21536348261956295,-0.25065628013423463,0.4846137867592511,0.23430962343096234,1.7418175787147472,0.0,239
17,train,blind,3.0,0,0.24895395069227458,0.10322781988789113,0.17204634398643914,0.13864587303484832,0.00950931941614989,0.017941481346131993,1.6357255056812174,1.6762767483998542,0.10295149910940898,-0.20902344053085964,0.28612124988872073,0.3723849372384937,1.6762767464850943,0.0,239
18,train,blind,3.0,0,0.2573214347770065,0.10035977427685482,0.1672662690635437,0.1352225182944262,0.006846709979627921,0.01812602819438447,1.6903879916817572,1.7070139833574016,0.10017467010145224,-0.2103014158197668,0.277664025638743,0.42677824267782427,1.7070139898181393,0.0,239
19,train,blind,3.0,0,0.2988020511427855,0.11397109427751762,0.18995180018061078,0.14644351439495965,0.013313047182609845,0.01805690069640032,1.6957089496955713,1.6813843350031386,0.11341911057449529,-0.20405849252162594,0.19677141754948216,0.4811715481171548,1.6813843401096735,0.0,239
20,train,blind,3.0,0,0.2740191620142929,0.10041420319314026,0.16735698603777138,0.12362114929255083,0.0030429822131679647,0.018068487680941884,1.7498285780391933,1.6957320104583038,0.10033843873775768,-0.207120692811947,0.27069052494139295,0.4225941422594142,1.6957320135152762,0.0,239
21,train,blind,3.0,0,0.4990500914879464,0.17777414526117583,0.2962902084432073,0.1951312289327757,0.006085964426335929,0.017572476945536906,1.8255435083700524,1.6460337189949705,0.17765260941284916,-0.20293922711569407,0.2958248019229057,0.401673640167364,1.646033727435213,0.0,239
22,train,blind,3.0,0,0.48485144005920816,0.16782898837891672,0.2797149489373753,0.1882845185167121,0.004184100543105951,0.017805024321000073,1.8713261702070676,1.6261668266362226,0.1676874956805683,-0.2066337340801477,0.32787323065966345,0.29707112970711297,1.626166829126609,0.0,239
23,train,blind,3.0,0,0.011099790736339269,0.006141002117550229,0.010235002959036526,0.0,0.0,0.02014628699181843,1.9237730996878077,1.9061375537178007,0.0061410021950285216,-0.22041953596243513,0.20967981245734293,0.3263598326359833,1.906137556098986,0.0,239
24,train,blind,3.0,0,0.4754479658978925,0.16559598556998947,0.2759932731281285,0.19132750048048824,0.0015214911065839823,0.01738608122518808,1.9748498136528367,1.630414341658229,0.16557731860776131,-0.19891088560939357,0.2739547167571738,0.34309623430962344,1.6304143312549748,0.0,239
25,train,blind,3.0,0,0.49099224892631954,0.17129211600409103,0.28548682599286324,0.1863826557557453,0.006466337202981925,0.0168165529154584,1.968037789336807,1.5623364695445263,0.17103378881770234,-0.2289282824424465,0.6271996201667707,0.04184100418410042,1.5623364646063327,0.0,239
26,train,blind,3.0,0,0.27817753698797626,0.09838819564083298,0.16398030914536485,0.097755800667667,0.0,0.018634842532379046,2.0847140824944406,1.7584259381603495,0.09838819545098833,-0.21101681755847015,0.28276803465978223,0.28870292887029286,1.7584259354274416,0.0,239
27,train,blind,3.0,0,0.013958478934449634,0.008729348670926031,0.014548913486814322,0.0,0.0,0.021733740508306974,2.0726835004455375,2.0438472242036125,0.008729348561938884,-0.24506494048368108,0.34309623430962344,0.12133891213389121,2.043847209701853,0.0,239
28,train,blind,3.0,0,0.00484126768363289,0.003734631153911247,0.006224384864428856,0.0,0.0,0.022633746995056773,2.108242511250484,2.094815259199262,0.0037346312524258866,-0.24607033686568494,0.3185554467491617,0.16736401673640167,2.0948152707305137,0.0,239
29,train,blind,3.0,0,0.1830709686913921,0.07474251242667956,0.12457084068570629,0.06466337090755607,0.0005705591649689933,0.020570436276292826,2.1607492194514895,1.9183156939231203,0.07472047681568793,-0.2420373094445037,0.4712899492566546,0.07112970711297072,1.918315691001889,0.0,239
30,eval,blind,3.0,0,0.4891325045084395,0.2135380336882792,0.35589667922993984,0.17611259477657254,0.0,0.016096172768575875,2.50297052890187,1.54069653290585,0.2135380333127911,-0.1773294697949277,0.12409863794177867,0.4811715481171548,1.540696528007204,0.0,239
31,eval,blind,3.0,0,0.09046236122763525,0.0538079506141269,0.08967991107887253,0.0,0.0,0.023255066926665135,2.4434173391453893,2.204537474710073,0.05380795003929581,-0.27975523874208147,0.6653016409982493,0.0,2.204537478449728,0.0,239
32,eval,blind,3.0,0,0.1371777911142497,0.07497740299664983,0.12496233131859752,0.0030429822131679647,0.0,0.022403433611109917,2.460060867804364,2.12691634294877,0.07497740314308228,-0.2632001242093627,0.5128638832012821,0.20502092050209206,2.12691635195377,0.0,239
33,eval,blind,3.0,0,0.4392558533156307,0.18041098843621886,0.3006849389653078,0.20406999367300935,0.0,0.017530349404726444,2.4891318696313323,1.674327454432284,0.18041098854672816,-0.1951297621819296,0.20291403305736072,0.3389121338912134,1.6743274564525286,0.0,239
34,eval,blind,3.0,0,0.4595581971330663,0.18781223157325772,0.3130203421198652,0.21548117641125764,0.0,0.017015367500858077,2.476962532458445,1.6256962566944346,0.18781223075287065,-0.20846933873115375,0.41019021335944694,0.09623430962343096,1.6256962525562189,0.0,239
35,eval,blind,3.0,0,0.5020920332959219,0.22375610902797755,0.3729268103574571,0.17820464523516938,0.0,0.015498979944564308,2.4954785796887706,1.487680624219663,0.22375610953545277,-0.19405344273051012,0.432980207127808,0.24686192468619247,1.4876806345916977,0.0,239
36,eval,blind,3.0,0,0.3756273159996906,0.15848581689759644,0.2641429975224565,0.1234309659592776,0.0,0.018666561667624253,2.485051763606371,1.7717329909611945,0.15848581613730453,-0.21528485262909752,0.33199798213596843,0.4100418410041841,1.771733001297805,0.0,239
37,eval,blind,3.0,0,0.10614915428562363,0.06168196374495907,0.10280326840179879,0.0,0.0,0.02297857671461719,2.455458872487854,2.1814788914125836,0.0616819634153795,-0.2675733844882285,0.5071070358170865,0.17154811715481172,2.181478894556329,0.0,239
38,eval,blind,3.0,0,0.4955261374568512,0.20323148835998392,0.3387191103448386,0.18105743600983001,0.0,0.015650105606141076,2.4103509202661875,1.4938537962267089,0.20323148714383346,-0.23024142214332588,0.7830796166058344,0.0,1.4938537850580258,0.0,239
39,eval,blind,3.0,0,0.31501783161268476,0.13045905649139122,0.21743173007882555,0.13674401201962427,0.0,0.019853794119207804,2.4652463472039132,1.8815198231441705,0.1304590566445821,-0.23240118401100499,0.4206356271699456,0.1087866108786611,1.8815198225226588,0.0,239
40,train,blind,3.0,0,0.10942615455924436,0.05088098419861377,0.08480163256823578,0.03404336257459728,0.0,0.021449986144814595,2.1944943152710983,2.006543981480299,0.05088098391896127,-0.2539797905577889,0.5356242024985904,0.02510460251046025,2.0065439708060127,0.0,239
41,train,blind,3.0,0,0.0023364956484850357,0.0020657133249050615,0.0034428554221502578,0.0,0.0,0.023348964528652164,2.197151881880341,2.1888838088662057,0.002065713384147796,-0.2623269828913491,0.42161488471467995,0.08368200836820083,2.1888838114108333,0.0,239
42,train,blind,3.0,0,0.02819466484402731,0.018706421169333517,0.031177367073438465,0.0,0.0,0.022697141382328884,2.1901839567527612,2.1206807601401994,0.018706421280147267,-0.25289942189227343,0.3777263420279534,0.12552301255230125,2.1206807554114104,0.0,239
43,train,blind,3.0,0,0.016098320915726126,0.01211974997084128,0.020199582257130765,0.0,0.0,0.023130461799612104,2.2048492601227063,2.1572653778427315,0.012119750131703874,-0.2565717317605967,0.37659871212795626,0.12552301255230125,2.157265373798922,0.0,239
44,train,blind,3.0,0,0.34633044898022886,0.12176807440904303,0.20294676580654836,0.12875618134083608,0.0001901863883229978,0.018379052392709767,2.217849454620393,1.7506889607367655,0.12175882908113293,-0.23480941939465583,0.596664589453693,0.04602510460251046,1.7506889623631572,0.0,239
45,train,blind,3.0,0,0.43151492035799666,0.15470463625905756,0.25784102838586775,0.14853556522764422,0.0003803727766459956,0.017433561283362462,2.225300162407145,1.6427660312612684,0.1546899752733278,-0.22527823120911553,0.5972877533457966,0.03765690376569038,1.6427660273413653,0.0,239
46,train,blind,3.0,0,0.009418921166737213,0.006482331924135339,0.010803885808641726,0.0,0.0,0.022301846277358393,2.114947527023539,2.0930761024044147,0.006482331724427046,-0.24895791608699677,0.3496542924122378,0.1506276150627615,2.093076100947266,0.0,239
47,train,blind,3.0,0,0.4671610229562556,0.1548615949028454,0.25810262559687575,0.20140737924865101,0.0019018638208820231,0.01664633085955106,2.029637949237265,1.539296487260563,0.15473287408866054,-0.23028215215791875,0.6226891005667825,0.08786610878661087,1.539296496368895,0.0,239
48,train,blind,3.0,0,0.4085878752840285,0.1336490835673731,0.22274845027718906,0.13027767232272416,0.0019018638832299778,0.017291122461010597,2.04516020429683,1.6458082387387503,0.13357069954247103,-0.20641192971865865,0.3328585417964925,0.2719665271966527,1.6458082326492676,0.0,239
49,train,blind,3.0,0,0.4859937123801958,0.16351376664850356,0.27252291330447126,0.15899581571253774,0.0019018638832299778,0.01636835322501021,1.9838426013371935,1.5320817388001844,0.16347654735983425,-0.1902444103221407,0.2700673610492893,0.39330543933054396,1.532081747516982,0.0,239
50,train,blind,3.0,0,0.015004510717528821,0.00692270341662692,0.011537838198495912,0.0,0.0,0.01871030129274065,1.8027274753259315,1.7851597754027555,0.006922703351356405,-0.2029530217655863,0.11869788421021393,0.45188284518828453,1.7851597731132185,0.0,239
51,train,blind,3.0,0,0.1870741706890581,0.06283245959091337,0.10472075813966847,0.04602510447781455,0.0001901863883229978,0.01727583208686388,1.812891296761804,1.6792455185906159,0.06282809875022291,-0.19716467571218302,0.17703789429953412,0.497907949790795,1.679245514146629,0.0,239
52,train,blind,3.0,0,6.514794980351147e-05,1.6707573176135607e-05,2.7845955567549386e-05,0.0,0.0,0.01737212293847585,1.7274109541621667,1.727405879038647,1.67075541490498e-05,-0.1961457290915785,0.10911303006023917,0.5523012552301255,1.727405885642095,0.0,239
53,train,blind,3.0,0,0.001494409176462552,0.0005663141796827084,0.000943856904113353,0.0,0.0,0.016979552575515654,1.7192888040422893,1.7183808452414668,0.0005663142527162746,-0.19923087970108438,0.15021217246802576,0.497907949790795,1.7183808479096847,0.0,239
54,train,blind,3.0,0,0.382569948058365,0.12041099262289254,0.20068496715771955,0.1359832634112825,0.005515405261366936,0.01715088322287168,1.692812145005709,1.612051228100286,0.12023152647288268,-0.19654216045075787,0.24769280987566392,0.42677824267782427,1.6120512407964536,0.0,239
55,train,blind,3.0,0,0.4532820635336884,0.13914984541157102,0.23191638440399995,0.13864587328424013,0.0032331686014909623,0.01710943825675416,1.6833216116518157,1.6210272706203381,0.13908192119794027,-0.20173728031522997,0.30926733730971245,0.3054393305439331,1.6210272677313073,0.0,239
56,train,blind,3.0,0,0.02819466484402731,0.008585029834222388,0.014308382706015485,0.0,0.0,0.01623225067722685,1.6666612355778905,1.657954670894096,0.008585029790749302,-0.20321833817515178,0.26377637318614794,0.3891213389121339,1.6579546619102432,0.0,239
57,train,blind,3.0,0,0.00484126768363289,0.0014142674326002363,0.0023571122466941132,0.0,0.0,0.016419094005233323,1.686580337241105,1.6860663835972423,0.0014142674385062438,-0.21188923877094312,0.31876316804652954,0.39330543933054396,1.686066384406059,0.0,239
58,train,blind,3.0,0,0.03674998030288848,0.010000194181416514,0.016666989053770506,0.0,0.0,0.016180977151265454,1.6721003995779669,1.6663825893501856,0.01000019406058691,-0.21566528402099583,0.3887949197305558,0.3054393305439331,1.6663825875214415,0.0,239
59,train,blind,3.0,0,0.09973252267304225,0.029410074980747807,0.04901679005895432,0.00817801463554095,0.0001901863883229978,0.016085098633955713,1.6642975168746885,1.6469488161378325,0.029406573861668367,-0.21910072896219462,0.39858749517789843,0.3682008368200837,1.6469488137403665,0.0,239
60,eval,blind,3.0,0,0.4465136047263696,0.14819055198270814,0.24698423080846021,0.12457208148355764,0.0,0.01285358337065883,1.3301286552740441,1.2299798765691254,0.1481905512790104,-0.1766594320106009,0.44532478708567025,0.25523012552301255,1.2299798829021151,0.0,239
61,eval,blind,3.0,0,0.0003611348120901913,0.00012086456059234677,0.00020144093831880291,0.0,0.0,0.014302723623118577,1.416471467606692,1.4163655070081416,0.00012086460120375872,-0.21329721440001545,0.5121220214249681,0.20920502092050208,1.4163654971352897,0.0,239
62,eval,blind,3.0,0,0.00010017924373394666,2.8912663468545515e-05,4.818776719102628e-05,0.0,0.0,0.014234524763824426,1.4152946639260489,1.4152720775065561,2.891265537061779e-05,-0.20680968799397212,0.5166325410249563,0.22594142259414227,1.4152720766730258,0.0,239
63,eval,blind,3.0,0,0.0014944071429085072,0.0006986466953596665,0.0011644111472526837,0.0,0.0,0.0141756689043474,1.417396308487928,1.4175653756911784,0.0006986467033967076,-0.21375110137715717,0.5141102109854891,0.2510460251046025,1.4175653705723956,0.0,239
64,eval,blind,3.0,0,0.5013695556751894,0.11800582769410159,0.1966763665023414,0.03879802240736814,0.0,0.011704571632800866,1.3137880720852808,1.279879548434932,0.11800582732349962,-0.1709663523683833,0.35244369269117776,0.26778242677824265,1.2798795487384254,0.0,239
65,eval,blind,3.0,0,0.3575846668143823,0.11428274534921314,0.19047122076567785,0.1036515784562881,0.0,0.013494015617732535,1.2978971445909604,1.3382076561201566,0.11428274523310225,-0.2029304571725706,0.5908187186563398,0.14225941422594143,1.338207655494056,0.0,239
66,eval,blind,3.0,0,0.4554288766948919,0.15279904115379708,0.2546650411260473,0.1443514651833219,0.0,0.012663764040332646,1.3332667303384598,1.2170528820618427,0.15279903958620875,-0.18163032284118513,0.49559334104869585,0.25523012552301255,1.2170528847003848,0.0,239
67,eval,blind,3.0,0,0.03674999346555246,0.01710621041242897,0.02851034950973185,0.0,0.0,0.014181534272606901,1.4124983701247051,1.4015245165784986,0.017106210781211946,-0.20517410236701844,0.5254458589275646,0.20920502092050208,1.401524517660757,0.0,239
68,eval,blind,3.0,0,0.21976542770897894,0.07033332588494985,0.117222201303802,0.031190567123840045,0.0,0.013676361952397863,1.3732986001290037,1.3270650678099947,0.0703333257083785,-0.19908587683361958,0.48731416362503344,0.23430962343096234,1.3270650584630934,0.0,239
69,eval,blind,3.0,0,0.006565895839070679,0.003090799196219465,0.005151331701991051,0.0,0.0,0.014144833639038096,1.4154447713656406,1.4138565400155518,0.003090799043150365,-0.21306100234633293,0.512329742722336,0.23430962343096234,1.4138565484046919,0.0,239
70,train,blind,3.0,0,0.4634686815016611,0.15225327565530428,0.2537554310752076,0.1662228985311596,0.009699505804472887,0.017452764229373578,1.6474432416540807,1.642727850371325,0.15193166353738247,-0.21213677887835378,0.38015964865426277,0.33472803347280333,1.6427278538896979,0.0,239
71,train,blind,3.0,0,0.32300139925731,0.1088611635474446,0.1814352510930548,0.12647394480565602,0.013883606347578839,0.017112013918959446,1.6428056606188977,1.6516083541275568,0.10820479791543362,-0.21623674406276738,0.3968070269147453,0.2928870292887029,1.651608354876335,0.0,239
72,train,blind,3.0,0,0.44651358694995696,0.14255225447178801,0.23758706404500513,0.15252947894599148,0.013313047182609845,0.01749740272300575,1.6560361839238569,1.6471043678008364,0.14206767297220424,-0.21697736416762278,0.42297991038309746,0.2719665271966527,1.6471043724634267,0.0,239
73,train,blind,3.0,0,0.3825699220520223,0.13133804183350728,0.21889671394430069,0.15443134282922147,0.01597565655678386,0.017122144243878677,1.6522324529153034,1.6483431755249471,0.13058786588361684,-0.22197313937555582,0.4498056322146058,0.27615062761506276,1.64834317560609,0.0,239
74,train,blind,3.0,0,0.43414843287689137,0.14191466095669425,0.23652441186572729,0.13484214545543224,0.010840624134410875,0.01755064257876519,1.6723646990424919,1.6482161682519954,0.14148278978166645,-0.21524253455747072,0.4081723493278732,0.2510460251046025,1.6482161620238969,0.0,239
75,train,blind,3.0,0,0.05794354536329254,0.015267108379984733,0.02544517959219649,0.0001901863883229978,0.0,0.016682387888821225,1.7043418295712651,1.7011998537694062,0.015267108259079018,-0.2286230635436774,0.4561559690198523,0.2384937238493724,1.701199848338165,0.0,239
76,train,blind,3.0,0,0.21150077816593815,0.06725086900652177,0.11208477253629509,0.05173069650159221,0.0032331686014909623,0.01714235989018402,1.7614383084005891,1.7269948738389433,0.0671657502835275,-0.22274673511113716,0.39891391435947654,0.28451882845188287,1.7269948724552067,0.0,239
77,train,blind,3.0,0,0.21150077816593815,0.061654640283602354,0.10275772527366753,0.04184100437114428,0.006466337202981925,0.016392814501083482,1.6489692292951639,1.617195804124098,0.06116731721742943,-0.22600966135953676,0.49295231312501864,0.19246861924686193,1.617195800698018,0.0,239
78,train,blind,3.0,0,0.0001001795120615216,5.198799552996039e-05,8.664665541625737e-05,0.0,0.0,0.0174968368685551,1.788496018453622,1.7885268946571828,5.198798014085338e-05,-0.23298836908261056,0.4062138342384047,0.30962343096234307,1.7885268931480738,0.0,239
79,train,blind,3.0,0,0.501817049438165,0.15527019106287843,0.25878362616211265,0.12837580893827782,0.007036896305602964,0.017036073778806622,1.7766250217310056,1.664945172465496,0.15510475040897123,-0.21264723360525176,0.35953589127273805,0.301255230125523,1.6649451688285442,0.0,239
80,train,blind,3.0,0,0.4859937123801958,0.1408919714923442,0.23481993135261808,0.10479269772144541,0.010460251295416924,0.016694426241381462,1.7130298871375527,1.6033139281193083,0.140404947685935,-0.22035725737027545,0.49609780705658924,0.1506276150627615,1.6033139284773295,0.0,239
81,train,blind,3.0,0,0.0012663892698259907,0.0005802091488541128,0.0009670152550566382,0.0,0.0,0.017652840573714742,1.7945828078680957,1.7938780290811132,0.0005802092020310122,-0.22807951388446263,0.39179204130686374,0.2594142259414226,1.7938780260417764,0.0,239
82,train,blind,3.0,0,0.10614912902745642,0.034776568569320404,0.057960942930568235,0.011601369500659,0.0005705591649689933,0.018470919574123796,1.7966300837664424,1.7649954430228996,0.03476756416547607,-0.22287873119904705,0.3536306715332799,0.2928870292887029,1.7649954450861467,0.0,239
83,train,blind,3.0,0,0.3720951933817057,0.11821883172728365,0.19703136302798546,0.11791555733112112,0.011220996848708914,0.016026629231457118,1.701585669647201,1.563885589897882,0.11756555138051214,-0.2390364562056069,0.6254191519036175,0.1297071129707113,1.5638855864688501,0.0,239
84,train,blind,3.0,0,0.11952208523755692,0.0377859932601975,0.06297665135021649,0.0100798781446832,0.0001901863883229978,0.01743422058375872,1.8231777167220495,1.7649700995768463,0.03778527795477667,-0.22221644680518632,0.37556010564111697,0.26359832635983266,1.7649701061597685,0.0,239
85,train,blind,3.0,0,0.2573214347770065,0.07449516981103892,0.12415860265809517,0.06447318389575352,0.0007607455532919912,0.017024677447491487,1.8398252965017343,1.713122064099651,0.0744789691941063,-0.20898821688754848,0.301522300364996,0.3305439330543933,1.7131220624962251,0.0,239
86,train,blind,3.0,0,0.36126752409238416,0.10050078392911498,0.16750129017307538,0.0817801449837545,0.0009509319416149889,0.016528547186186248,1.8465185200320129,1.6484072435351096,0.10048103542210575,-0.2004164447527803,0.25757440873616433,0.3891213389121339,1.6484072406822157,0.0,239
87,train,blind,3.0,0,0.36491424218167223,0.10467311779036692,0.17445517507860062,0.10403195179406569,0.0011411183299379866,0.01573218038392343,1.7846571187095164,1.5361735013364248,0.10461855294990802,-0.2332749917429881,0.6199887237010001,0.1297071129707113,1.5361734942389023,0.0,239
88,train,blind,3.0,0,0.4941819601855557,0.14657777345875203,0.24429626807917024,0.11011791534753025,0.0030429822131679647,0.015198588378096163,1.8589503226419872,1.484854045023978,0.14643959392399297,-0.21062156105752528,0.5389477432564765,0.11715481171548117,1.4848540362933573,0.0,239
89,train,blind,3.0,0,0.22391452780090834,0.06895858574503737,0.11493096916722503,0.04640547769089623,0.0001901863883229978,0.01731553504040862,1.8884925074158354,1.698382428126355,0.06895247934013264,-0.21681473514528876,0.38057509124899846,0.2384937238493724,1.6983824216247765,0.0,239
90,eval,blind,3.0,0,0.06036286422683006,0.02439822394374471,0.04066370326140847,0.007987828122522043,0.0,0.014539257786918634,1.571656634618049,1.4941952969239845,0.024398223850907754,-0.19280369735355182,0.3751149885753286,0.26359832635983266,1.4941952923839326,0.0,239
91,eval,blind,3.0,0,0.01200688445204372,0.006016894779673429,0.010028157378697892,0.0,0.0,0.015216569867273442,1.5607163988396713,1.5428145096391814,0.006016894790145937,-0.1999148666436271,0.42547256595151184,0.2301255230125523,1.542814515770198,0.0,239
92,eval,blind,3.0,0,0.001494409176462552,0.0008615762647320507,0.0014359604154142822,0.0,0.0,0.015091094197159843,1.5522646614697189,1.5500390449827186,0.0008615764104719172,-0.1993947368172002,0.40075373156473487,0.25523012552301255,1.5500390447990535,0.0,239
93,eval,blind,3.0,0,0.1445073664815396,0.04894658445541856,0.0815776321497008,0.03765690445151788,0.0,0.013886220162835704,1.5950009373940184,1.426145472287134,0.04894658424397436,-0.1823416064935244,0.34330395560699123,0.28870292887029286,1.4261454734206207,0.0,239
94,eval,blind,3.0,0,0.005378621699537879,0.0028384226293697054,0.0047307040946411895,0.0,0.0,0.014988955852641844,1.5511618239111482,1.5452579788583094,0.0028384224176039486,-0.19778647258565465,0.3957684204279059,0.26778242677824265,1.5452579770668127,0.0,239
95,eval,blind,3.0,0,0.14822524460574474,0.051181028648932314,0.08530170767858847,0.020349942927081217,0.0,0.013881954659657187,1.6064267335576492,1.4808197942987147,0.051181028035316406,-0.18823586805273174,0.34713196237277066,0.20502092050209206,1.480819790602952,0.0,239
96,eval,blind,3.0,0,0.3991743668428696,0.11472602213608568,0.19121001318244948,0.12419170814578004,0.0,0.012813566146402866,1.6585848261621707,1.3261993335380713,0.11472602194182674,-0.17211815089858018,0.3277248583044007,0.3179916317991632,1.3261993380194381,0.0,239
97,eval,blind,3.0,0,0.2905912866229464,0.09360674152705702,0.15601122726302225,0.050209205145616415,0.0,0.013033929575141129,1.6643417629736736,1.3767619409820524,0.093606741629887,-0.17724510577468544,0.33380812487017414,0.28870292887029286,1.376761940216874,0.0,239
98,eval,blind,3.0,0,0.44414846890925763,0.13746090482440743,0.2291014830541476,0.12248003302009534,0.0,0.011979005718408892,1.7085052454321954,1.212467076015273,0.13746090377073308,-0.19456491957353153,0.6734621205377014,0.06694560669456066,1.2124670693148931,0.0,239
99,eval,blind,3.0,0,0.3028837280172224,0.09324280217657802,0.1554046520445409,0.0855838740595215,0.0,0.013035425380511388,1.646283930814416,1.3249400100947424,0.09324280241571044,-0.19580664839793116,0.5693047271432388,0.13389121338912133,1.324940006878311,0.0,239
100,train,blind,3.0,0,0.4769458410955545,0.14315928364929764,0.2385987878964496,0.10688474699543112,0.0007607455532919912,0.015911866081722674,1.9362540215129134,1.5529014291124863,0.14313906247436048,-0.2062337884172832,0.4552063859461705,0.16317991631799164,1.5529014196222652,0.0,239
101,train,blind,3.0,0,0.15197705929011698,0.0526220169782414,0.08770335461897702,0.0294788894418892,0.0001901863883229978,0.017016660097682514,1.8623916394540954,1.7131385073751586,0.05261271238296827,-0.20812364037868003,0.28279770913083463,0.35564853556485354,1.7131385079829313,0.0,239
102,train,blind,3.0,0,0.32300136876191454,0.09471254314346605,0.15785422213208739,0.08862685421520695,0.0017116774949069802,0.017392974546584436,1.9540812081372887,1.7084595503667408,0.09468003196087003,-0.20414242202387425,0.21178669990207424,0.41841004184100417,1.708459547365731,0.0,239
103,train,blind,3.0,0,0.00010017924373394666,5.3862000488730686e-05,8.976999823701525e-05,0.0,0.0,0.018766949718981733,1.8521011434339578,1.851975720796625,5.3862045788416583e-05,-0.21443569881685098,0.196118579186326,0.4435146443514644,1.8519757285162814,0.0,239
104,train,blind,3.0,0,0.02230692015294469,0.01031758148905336,0.017195967663112134,0.0,0.0,0.01803125293777328,1.837624246106487,1.8105103790011865,0.0103175813874335,-0.21169696438152327,0.20463515237840885,0.401673640167364,1.810510371105048,0.0,239
105,train,blind,3.0,0,0.006565895839070679,0.003210460941681578,0.00535076796469302,0.0,0.0,0.01867733584038882,1.868816010124015,1.8610289031990404,0.0032104608998524326,-0.21667615455835723,0.2088192527968189,0.4351464435146444,1.8610288888569706,0.0,239
106,train,blind,3.0,0,0.0023364927420596237,0.0010957545088774575,0.0018262573351394815,0.0,0.0,0.0187185654206256,1.8289802578203849,1.8272363431284118,0.0010957545724735891,-0.21255832896950108,0.1916080595863379,0.41422594142259417,1.8272363341955709,0.0,239
107,train,blind,3.0,0,0.46892580401234446,0.14384634507928146,0.23974388487338455,0.12457208079773013,0.0007607455532919912,0.015028121234326931,1.8922829433465105,1.4848743659681856,0.14382611746777035,-0.21036179519281464,0.5320929404433365,0.1589958158995816,1.4848743606289478,0.0,239
108,train,blind,3.0,0,0.0023364956484850357,0.001319993323902575,0.0021999887544571647,0.0,0.0,0.0185803808486206,1.8298553053804023,1.8269374505246534,0.0013199933100965218,-0.20974284553863726,0.16261610136799312,0.4476987447698745,1.8269374529704425,0.0,239
109,train,blind,3.0,0,0.023700621450150866,0.01021321023917644,0.017022016521284312,0.0,0.0,0.018629256460550688,1.834964078839354,1.8106146537110397,0.010213210526633846,-0.21063520793135232,0.18668209739161398,0.4351464435146444,1.810614644268199,0.0,239
110,train,blind,3.0,0,0.0005835234280700004,0.00027548348118985075,0.0004591391182935185,0.0,0.0,0.01815502587160306,1.8105722142063922,1.8099582065598236,0.00027548352740283677,-0.2099404658542153,0.17763138372058518,0.46443514644351463,1.8099582120377626,0.0,239
111,train,blind,3.0,0,0.4465136047263696,0.12959966000082934,0.21599941389078944,0.10764549298515878,0.0007607455532919912,0.01621901510852276,1.8761065071097975,1.6064629027284838,0.12958453117985358,-0.1920387449003276,0.1969494643757975,0.4602510460251046,1.606462907067506,0.0,239
112,train,blind,3.0,0,0.4554288766948919,0.1355926222024445,0.22598768214615972,0.11392164317633817,0.0015214911065839823,0.016954268166156305,1.859040906239753,1.6216127792661659,0.13556045397685978,-0.1903836646296419,0.1644262441021989,0.4895397489539749,1.621612776243792,0.0,239
113,train,blind,3.0,0,0.5020913164463541,0.15468290785440073,0.2578048210579022,0.14682388767038929,0.005895778038012931,0.015093004211167722,1.7667334887771926,1.4481014175395088,0.15430791641806366,-0.2234178797801944,0.6661028517166682,0.058577405857740586,1.4481014249961424,0.0,239
114,train,blind,3.0,0,0.4941819601855557,0.14832923736599948,0.2472153738530491,0.11962723476368015,0.0024724230481989714,0.0152912642173547,1.8224058996683383,1.4970174421825169,0.14824186638889617,-0.19387784935697605,0.34879373275171366,0.2928870292887029,1.4970174436687493,0.0,239
115,train,blind,3.0,0,0.4634686815016611,0.13857681139164787,0.2309613286710084,0.12761506344733378,0.0024724230481989714,0.01644574301843395,1.8047427452757767,1.5470212123134646,0.13849138372382158,-0.1901737149022569,0.25214398053354703,0.39330543933054396,1.5470212136716468,0.0,239
116,train,blind,3.0,0,0.137177762364597,0.04241448420498844,0.0706908002917832,0.020540129751839897,0.0,0.01660055797702972,1.782187848410347,1.6792181058159432,0.042414483686660176,-0.19877616176627388,0.2003917030178937,0.4435146443514644,1.6792181057928657,0.0,239
117,train,blind,3.0,0,0.5010294421648054,0.1555241598567081,0.2592069059632286,0.14492202397420317,0.0019018638832299778,0.01606712345361211,1.8003301401018597,1.5636231586274743,0.15546230757382512,-0.190163829719579,0.25282649336775576,0.4225941422594142,1.5636231640081277,0.0,239
118,train,blind,3.0,0,0.015004504288443965,0.0051394325469632214,0.00856572071731599,0.0,0.0,0.017404259798198814,1.7232926794674606,1.714720150416865,0.005139432691447301,-0.2001393764220864,0.172527374699546,0.4560669456066946,1.714720141598169,0.0,239
119,train,blind,3.0,0,0.003041941807975517,0.0011848659407070771,0.0019747765545921293,0.0,0.0,0.017267990964523295,1.7311768701385752,1.7291769515021576,0.0011848659181790077,-0.2010827945864339,0.16501973352324992,0.502092050209205,1.7291769622186342,0.0,239
120,eval,blind,3.0,0,0.497250765612289,0.13843502741604513,0.23072502829623873,0.07987828172400406,0.0,0.008591175573258407,1.4390621738952574,0.9220517414259611,0.1384350273469692,-0.11500138369722723,0.08875634291818747,0.6234309623430963,0.9220517395238688,0.0,239
121,eval,blind,3.0,0,0.5000638237883528,0.13893829374929095,0.23156380330931609,0.07569418099385425,0.0,0.009106210537184668,1.4567646212158842,0.9382911363780249,0.13893829313500528,-0.11538157518047497,0.09935012908394907,0.7447698744769874,0.9382911345083662,0.0,239
122,eval,blind,3.0,0,0.48366004122113304,0.1334950220428342,0.22249168218771667,0.09414226134701253,0.0,0.009350212872959673,1.4430974824159215,0.9461942843188801,0.13349502167787947,-0.1302456670832315,0.25374640197038484,0.45188284518828453,0.946194288066112,0.0,239
123,eval,blind,3.0,0,0.14082453795319042,0.04302495115726556,0.0717082477561208,0.0,0.0,0.010926845791324911,1.2069977449572735,1.0632782241789367,0.043024950510755625,-0.11827057461075251,0.0009792575447342652,0.9874476987447699,1.0632782251484436,0.0,239
124,eval,blind,3.0,0,0.022306911853421187,0.008610524545333818,0.014350874004095245,0.0,0.0,0.011520512766403508,1.1226818820921447,1.0923765393979379,0.008610524541924163,-0.12539560381006337,0.00783406035787412,0.9456066945606695,1.0923765371018777,0.0,239
125,eval,blind,3.0,0,0.4997555405538623,0.14121488056124115,0.23535810723678194,0.11791555920155976,0.0,0.009295215658749995,1.4328836773728726,0.9322187691054085,0.1412148807555001,-0.15159280366926653,0.5064838719249829,0.16317991631799164,0.9322187630752864,0.0,239
126,eval,blind,3.0,0,0.472293708546508,0.12756796790118913,0.21261325858708857,0.09927729383173348,0.0,0.009364903425197722,1.4249965266702564,0.9375096440439943,0.12756796800384407,-0.12624670083669984,0.22267723077836135,0.5564853556485355,0.9375096378170239,0.0,239
127,eval,blind,3.0,0,1.0033076722564557e-05,5.183506184199115e-06,8.639177836226417e-06,0.0,0.0,0.011777356697565966,1.1106964636547296,1.1106818093914368,5.183498710359809e-06,-0.12667069635550332,0.014955933410486958,0.9330543933054394,1.1106818051813323,0.0,239
128,eval,blind,3.0,0,0.5010294421648054,0.13701152460323013,0.228352525692324,0.06333206631399099,0.0,0.009045065500457854,1.4393961511895248,0.9444432484305554,0.1370115237074045,-0.11223992500901926,0.012255556544704591,0.891213389121339,0.944443244565214,0.0,239
129,eval,blind,3.0,0,0.15197702979228886,0.04607864128954579,0.07679772876364045,0.020920501905006345,0.0,0.010589077964008134,1.1964534423840096,1.0352410911640861,0.04607864135816507,-0.12738038028757306,0.12620552538651,0.799163179916318,1.0352410869112012,0.0,239
130,train,blind,3.0,0,0.3612674953427315,0.1087032379368812,0.1811720446106748,0.10916698365530708,0.003613541378136958,0.01594425989587686,1.6773814262206583,1.5386827558154341,0.10854292264418013,-0.2040642231946092,0.3871628238226653,0.2803347280334728,1.538682755390598,0.0,239
131,train,blind,3.0,0,0.0005835234280700004,0.000241233843629454,0.0004020563946785035,0.0,0.0,0.01729774439637257,1.7196272028041186,1.7191113428091902,0.00024123384128531703,-0.19848042505201227,0.1469776551232974,0.5271966527196653,1.719111335518428,0.0,239
132,train,blind,3.0,0,0.4918546168378746,0.172799822049779,0.2879996699772758,0.19494104192097317,0.02320273937540573,0.015791144917590472,1.5634432143247277,1.4662624425469084,0.17133612426733486,-0.24085681523439187,0.7192795038428439,0.05439330543933055,1.4662624396520507,0.0,239
133,train,blind,3.0,0,0.4288286963842077,0.13330486172405423,0.22217474508191318,0.14168885618323562,0.005325218873043938,0.01707142694350566,1.738699814265742,1.5880597582920826,0.13315136674119385,-0.19719261836941948,0.27113564200718115,0.42677824267782427,1.5880597587770162,0.0,239
134,train,blind,3.0,0,0.2364116824699286,0.07202876398940697,0.12004792697053787,0.061430201433193735,0.002662609436521969,0.016924603026804503,1.7264547747049372,1.612530432735028,0.07188828792107008,-0.20418885606932777,0.3141339505623312,0.34309623430962344,1.612530437415621,0.0,239
135,train,blind,3.0,0,0.0034414877965033177,0.0013409434564077493,0.0022349056641995727,0.0,0.0,0.017195981537541337,1.7238516518261642,1.7218835328912137,0.0013409434515824804,-0.1961518709666528,0.10997358972076322,0.6108786610878661,1.7218835355905564,0.0,239
136,train,blind,3.0,0,0.31099300983821715,0.10406247943152175,0.1734374452376968,0.11392164361277385,0.008748573862857899,0.016562662536480997,1.693700705612055,1.5985408882965104,0.10367779936666419,-0.2103524919778998,0.38188076797531084,0.3138075313807531,1.5985408947612807,0.0,239
137,train,blind,3.0,0,0.5017308978531066,0.17526045090232237,0.2921007190113517,0.1839102319593709,0.02073031620251085,0.016505185670558378,1.655388045011704,1.526322375655673,0.1739053123563121,-0.22612193397967892,0.5847057776195139,0.08786610878661087,1.5263223713457563,0.0,239
138,train,blind,3.0,0,0.4918546168378746,0.16288210576377998,0.2714701472001275,0.16260935684128286,0.010270064907093927,0.016532383785119367,1.67967173843703,1.5062541204765751,0.16244205151768362,-0.2182267379118698,0.5411436541143656,0.16317991631799164,1.5062541196349308,0.0,239
139,train,blind,3.0,0,0.008643440734246789,0.0034010274981506067,0.0056683789263394175,0.0,0.0,0.017244205176908226,1.7115731059756738,1.7045401599117902,0.003401027612419673,-0.1948392487761391,0.12225882073652038,0.5899581589958159,1.7045401595659457,0.0,239
140,train,blind,3.0,0,0.0023364956484850357,0.0008208645689987994,0.0013681075238709429,0.0,0.0,0.017335341019735176,1.7008997648330912,1.6991984557407172,0.0008208646620336382,-0.1929400564966468,0.09495830736817115,0.6485355648535565,1.6991984581507598,0.0,239
141,train,blind,3.0,0,0.002028211354079294,0.0007984128854762097,0.0013306880411550707,0.0,0.0,0.017631336832302134,1.6911754720380616,1.689728225873604,0.0007984129175330439,-0.19359588652050463,0.12062672482862993,0.5606694560669456,1.6897282245447351,0.0,239
142,train,blind,3.0,0,0.0,0.0,0.0,0.0,0.0,0.017769809149860337,1.7300556294588862,1.7300556294588862,0.0,-0.19854729833939688,0.135107866702276,0.5606694560669456,1.7300556244483778,0.0,239
143,train,blind,3.0,0,0.001747928173575944,0.0007582516145817429,0.0012637526396928438,0.0,0.0,0.017275793982521635,1.7160038848302355,1.7154305639626093,0.000758251625693561,-0.19769097778281644,0.14222973975488887,0.5857740585774058,1.7154305706711115,0.0,239
144,train,blind,3.0,0,0.49418196437011425,0.16040648475347674,0.2673441117976341,0.16869532108057492,0.006276150814658927,0.016777715084598903,1.7337271376633745,1.6057899958419002,0.16025897310129766,-0.19572367160267237,0.23611976616516814,0.42677824267782427,1.6057899962421487,0.0,239
145,train,blind,3.0,0,0.0007224776207325224,0.00026959709256702826,0.0004493284483854737,0.0,0.0,0.01738389462785928,1.689070978922824,1.688528201570072,0.00026959709752929226,-0.19082068032936508,0.08029911866820973,0.6150627615062761,1.6885282057650672,0.0,239
146,train,blind,3.0,0,0.0034414851706437025,0.0013832848181896435,0.002305474550956198,0.0,0.0,0.017405986193583103,1.6880804305296064,1.6853667886686126,0.0013832848575224353,-0.19432586941831606,0.13590907742069494,0.5439330543933054,1.6853667750598567,0.0,239
147,train,blind,3.0,0,0.4532820635336884,0.175240271073334,0.29206708367930034,0.22175732223808017,0.029478890127716702,0.017003446126699635,1.5419243092816246,1.543840028127367,0.17353666023718764,-0.2373689966893773,0.5868126650642452,0.14644351464435146,1.5438400185437153,0.0,239
148,train,blind,3.0,0,0.0007224766159197316,0.00026136728528281574,0.0004356121353643837,0.0,0.0,0.017935490720831327,1.7184641630579738,1.7179088497760406,0.000261367371772337,-0.19875832594957765,0.15264547909433512,0.5648535564853556,1.7179088519463865,0.0,239
149,train,blind,3.0,0,0.167300184708377,0.06590336518955262,0.10983892978599737,0.06808672489980275,0.0034233549898139604,0.01779979583709871,1.7237433165187117,1.6873644565438626,0.06581315280899803,-0.19858345320250326,0.15335766639959644,0.5146443514644351,1.6873644564812054,0.0,239
150,eval,blind,3.0,0,0.4653420529930334,0.1379435447765995,0.2299058804845376,0.14282997264273495,0.0,0.011705440024856992,1.4963794188519401,1.0563996133694589,0.13794354476673587,-0.12999071691434522,0.13389121338912133,0.7907949790794979,1.056399603325253,0.0,239
151,eval,blind,3.0,0,0.08452667201199193,0.03084579217132589,0.05140965067631483,0.010460250921329194,0.0,0.01347780882022402,1.2991121224279683,1.1867430691439735,0.03084579234801902,-0.1476953889161691,0.21282530638891362,0.6736401673640168,1.1867430714704543,0.0,239
152,eval,blind,3.0,0,0.5010294404741651,0.15264640987103525,0.25441065569456706,0.13027767126280893,0.0,0.011007217805302666,1.5221458723355537,1.018978843504415,0.15264641017303315,-0.12911582244786374,0.1289355767233449,0.7656903765690377,1.0189788418910848,0.0,239
153,eval,blind,3.0,0,0.010237411712357194,0.0046207623976496125,0.007701270305344574,0.0,0.0,0.014440885472216615,1.239761220860182,1.2215983887596609,0.004620762343795349,-0.1399144084271446,0.0,1.0,1.2215983889903277,0.0,239
154,eval,blind,3.0,0,0.2531380511106846,0.08726381775137027,0.1454396758773598,0.09984785093921997,0.0,0.01309212948152772,1.3226722414024705,1.165882708013806,0.0872638179140899,-0.17087843497690253,0.4119410071515475,0.4602510460251046,1.1658827124620488,0.0,239
155,eval,blind,3.0,0,6.514794980351147e-05,3.201428878878021e-05,5.335714395263205e-05,0.0,0.0,0.01458256248634106,1.2390818550995704,1.238944685608772,3.201428580533316e-05,-0.13891893423796467,0.0,1.0,1.2389446869360883,0.0,239
156,eval,blind,3.0,0,0.41162967206828666,0.13023729751708651,0.21706213064731156,0.17535184354961666,0.0,0.012447100574010399,1.4151841441956523,1.11843974545411,0.13023729788268054,-0.16169149346326206,0.39941838036737,0.36401673640167365,1.1184397404665092,0.0,239
157,eval,blind,3.0,0,0.41162969583010295,0.13206831357040844,0.22011382589071637,0.15386078310312087,0.0,0.012553367756938398,1.3980341172118567,1.1243547504167677,0.13206831317105272,-0.1707735407360484,0.4209026974094188,0.4351464435146444,1.12435475046679,0.0,239
158,eval,blind,3.0,0,0.04055126141090673,0.015781762854709527,0.02630293723270073,0.0,0.0,0.01382440755291838,1.2707610853546334,1.2042460017623262,0.015781762848225096,-0.1415934724149978,0.1367399626101665,0.7740585774058577,1.2042460023398212,0.0,239
159,eval,blind,3.0,0,0.41162969583010295,0.14136090434117268,0.23560147830456832,0.14435146418575462,0.0001901863883229978,0.012785474532069522,1.3276954949151523,1.165446804781838,0.14135714304133803,-0.19609212517527178,0.5256832546959852,0.3514644351464435,1.1654467994222595,0.0,239
160,train,blind,3.0,0,0.05794356438666426,0.019741601539665157,0.032902666621426976,0.0024724230481989714,0.0,0.01716423851815851,1.7005185557209797,1.667129091139119,0.019741601494304588,-0.19117737794507805,0.11599750734443158,0.5815899581589958,1.6671290895842483,0.0,239
161,train,blind,3.0,0,0.47389736845189456,0.17402332231454637,0.2900388312883939,0.22365918580957037,0.033472804157803744,0.017025478511549938,1.5523505233321728,1.5414013408716754,0.17169797073070167,-0.23025270657113286,0.5670791418142973,0.17154811715481172,1.5414013418290564,0.0,239
162,train,blind,3.0,0,0.14082450920353773,0.042944746147094745,0.07157457104317111,0.025294788774087338,0.0007607455532919912,0.016819711459925297,1.6818404312413109,1.6350753160201357,0.04292637156109495,-0.19121544939994872,0.17881836256268732,0.502092050209205,1.635075326211148,0.0,239
163,train,blind,3.0,0,0.39594290426846546,0.13759875588000178,0.22933123470521502,0.17383035331590405,0.007987828309565907,0.01768966030746418,1.6929100342874248,1.6468679822638443,0.13736709945803025,-0.20085990692363548,0.23775186207305857,0.497907949790795,1.6468679784497946,0.0,239
164,train,blind,3.0,0,0.025146201497458203,0.008563650122208147,0.014272749532358993,0.0,0.0,0.01768369779816856,1.685989448216171,1.6754526538330141,0.008563650067988563,-0.19026065446534102,0.09466156265764562,0.5899581589958159,1.6754526467524709,0.0,239
165,train,blind,3.0,0,0.4836600335450891,0.16354468246324538,0.2725744395564365,0.18257892705406603,0.007036896367950918,0.017448523284469938,1.6764767895682586,1.599724623698071,0.16338127815704628,-0.1993619187170321,0.2851123178729339,0.3891213389121339,1.5997246224650143,0.0,239
166,train,blind,3.0,0,0.5019461374421663,0.16764840134058748,0.27941397199116547,0.16888550865350907,0.006846709979627921,0.01699912444411711,1.7099771300120334,1.625913605031608,0.16752821902289375,-0.20446478501227797,0.327902905130716,0.37656903765690375,1.625913606404886,0.0,239
167,train,blind,3.0,0,0.025146201497458203,0.00708796991293867,0.011813282690736247,0.0,0.0,0.01656929893949104,1.6772904949706968,1.6687334611326081,0.007087969809918417,-0.19092156981461447,0.11679871806285054,0.5899581589958159,1.6687334636322257,0.0,239
168,train,blind,3.0,0,0.09350418227249328,0.02553026283378557,0.04255043609447974,0.0017116774949069802,0.0,0.016216343171333417,1.6629121086587466,1.634872915605122,0.025530263084851772,-0.1906463847037318,0.14860975103118784,0.5523012552301255,1.6348729199536973,0.0,239
169,train,blind,3.0,0,0.31902109559870884,0.11449829318259987,0.19083046851099647,0.14492202384950725,0.005135032484720941,0.017193460075192495,1.6378972797214237,1.6354965871846825,0.11435806947702076,-0.20059187189873567,0.2539837977388053,0.4476987447698745,1.6354965800818304,0.0,239
170,train,blind,3.0,0,0.08163405268523204,0.026926126691479153,0.044876874900955384,0.008558387349838992,0.0005705591649689933,0.01683385013388353,1.641542794315386,1.6246074941866568,0.026912080280255782,-0.1908274943160417,0.1473040743048755,0.5439330543933054,1.624607493413143,0.0,239
171,train,blind,3.0,0,0.49267310757053845,0.169970128706181,0.28328351777012334,0.17915557362295095,0.004754659708074945,0.017660386948047446,1.64730427454705,1.617784904635601,0.1698826253567893,-0.21027785572901672,0.385263657675302,0.3263598326359833,1.6177849030350477,0.0,239
172,train,blind,3.0,0,0.33866766505446294,0.12733082172540494,0.21221801302248477,0.16603271208048864,0.009128946639503893,0.01750483202541473,1.6105843947023528,1.6409033659113001,0.12709621132010218,-0.21068793006325015,0.3569838867622185,0.33472803347280333,1.640903362085456,0.0,239
173,train,blind,3.0,0,0.09659447261740192,0.02884243740848749,0.04807072463884967,0.018257892717876194,0.0007607455532919912,0.01588279146615369,1.6339793878619142,1.614714427473156,0.028816633674304662,-0.19109442960719347,0.17184486186533723,0.5397489539748954,1.61471443076031,0.0,239
174,train,blind,3.0,0,0.3756273159996906,0.137457326034998,0.2290955171116046,0.17820464099550845,0.017687334114038795,0.017789423902164442,1.6211106166181206,1.654664311947683,0.13661525089776064,-0.2096440137719124,0.27739695539927006,0.4309623430962343,1.6546643073715954,0.0,239
175,train,blind,3.0,0,0.17120400338753217,0.06085119655632054,0.10141865149982786,0.05591479673295839,0.009128946639503893,0.01645826134698224,1.5698709657501475,1.5853992665661927,0.060294608042016355,-0.20211353510494573,0.29033502477818335,0.40585774058577406,1.5853992717191234,0.0,239
176,train,blind,3.0,0,0.04253383616285562,0.011324100724340341,0.018873499760607104,0.0,0.0,0.015631570578182593,1.605195181140341,1.5876196246266865,0.011324100588654386,-0.18490713578462215,0.15214101308644173,0.5732217573221757,1.5876196108143867,0.0,239
177,train,blind,3.0,0,0.31501783161268476,0.10871343254071522,0.18118903267067743,0.12571319906532016,0.006276150814658927,0.016825628894572165,1.6284715338730913,1.6048018154240054,0.10847423386893519,-0.20026293581950938,0.2775156532834802,0.42677824267782427,1.6048018063333622,0.0,239
178,train,blind,3.0,0,0.04666315660102996,0.014822433375899348,0.02470405423526884,0.0009509319416149889,0.0001901863883229978,0.016428343739329398,1.6395862930489384,1.6293664761666973,0.014817447239655083,-0.19326523225403777,0.19591085788895815,0.5146443514644351,1.6293664764189815,0.0,239
179,train,blind,3.0,0,0.47063660832414467,0.16862742068690723,0.2810456692437796,0.20216812567481435,0.007417269144596914,0.017801231110398365,1.6494560703074084,1.6677697572748034,0.16846992971433306,-0.21546635422230037,0.3879343600700318,0.26778242677824265,1.6677697643632348,0.0,239
180,eval,blind,3.0,0,0.03316622928357742,0.009951159643704875,0.01658526538895218,0.0,0.0,0.01087911206659974,0.9675139912002755,0.9358836073256935,0.009951160009786006,-0.10342690793104121,0.0,1.0,0.9358836093890565,0.0,239
181,eval,blind,3.0,0,0.003041941807975517,0.0010885014426132184,0.001814168962653898,0.0,0.0,0.011144917329703165,0.9483113578173905,0.9445279724428345,0.0010885013780124568,-0.10546962369011265,0.0,1.0,0.9445279707706106,0.0,239
182,eval,blind,3.0,0,0.4918546215835647,0.16342744296010525,0.27237903876370767,0.1534804105758667,0.0001901863883229978,0.010519444693082546,1.0069268263533524,0.9809989932940096,0.16341685940141698,-0.16005745504505423,0.48042968634084116,0.29707112970711297,0.98099899166153,0.0,239
183,eval,blind,3.0,0,0.5013695556751894,0.15007565875512,0.2501260708243889,0.13141878928100714,0.0,0.009879267944030807,1.103293503428104,0.921173403203238,0.15007565845041262,-0.1195733492297112,0.1469183061811923,0.6903765690376569,0.9211734022638746,0.0,239
184,eval,blind,3.0,0,1.0033001283974734e-05,2.343735119881241e-06,3.906225159210952e-06,0.0,0.0,0.01105165595742075,0.9510905490759526,0.9510845806309369,2.3437426089422162e-06,-0.10638245361230661,0.0041841004184100415,0.9874476987447699,0.9510845856120441,0.0,239
185,eval,blind,3.0,0,0.12646474479892483,0.029794343791097876,0.04965723693895297,0.0,0.0,0.010202054664975804,0.990738763719423,0.9028787757562294,0.029794343755174736,-0.10199281053661813,0.0,1.0,0.9028787771225043,0.0,239
186,eval,blind,3.0,0,0.4797851214425007,0.14590581768126837,0.24317633453098994,0.13788512610990133,0.0001901863883229978,0.010018923596545243,1.0874213868105262,0.9247060313384403,0.14590411587578958,-0.12072539124134259,0.1395293628891065,0.7782426778242678,0.9247060329326674,0.0,239
187,eval,blind,3.0,0,0.4554288604148302,0.130643763941917,0.21773958186927436,0.11867630188684583,0.0,0.010179188166780078,1.0938883493634945,0.9181888467597163,0.1306437634716892,-0.1277594709318518,0.15166622154960085,0.6569037656903766,0.9181888408339584,0.0,239
188,eval,blind,3.0,0,0.5008256455296923,0.16054745443924803,0.26757906066157217,0.14244959986608896,0.0001901863883229978,0.010101803542391463,1.0526459865490263,0.9592436946086804,0.1605463664013141,-0.14024432219093896,0.29864387667289827,0.45188284518828453,0.9592436952838873,0.0,239
189,eval,blind,3.0,0,0.4653420398303694,0.14150299882666897,0.235838307742772,0.1270445027236659,0.0001901863883229978,0.009934867829645528,1.039106884262053,0.9349414630165659,0.14149858715790437,-0.135963026661379,0.3368349209175347,0.4100418410041841,0.9349414607534591,0.0,239
190,train,blind,3.0,0,0.27401919350725557,0.09199845273989968,0.15333073802044417,0.09128946383877279,0.013313047182609845,0.016065233301324575,1.590250193075156,1.5930726992036508,0.09130947354981392,-0.20246763522728198,0.28092821745452384,0.4686192468619247,1.593072687682524,0.0,239
191,train,blind,3.0,0,0.5019918537838604,0.2033151492158513,0.33885853917817255,0.2571319889074589,0.038417650316549645,0.016984123774613235,1.515615825872541,1.5810151966795263,0.20123158385575907,-0.2270117613870095,0.5246149737380932,0.1506276150627615,1.5810151786967939,0.0,239
192,train,blind,3.0,0,0.3612674953427315,0.14168852079455974,0.23614750377789762,0.2000760748421298,0.015595283780137864,0.01755439654717448,1.6134982730055454,1.663400596405173,0.14100909286588295,-0.21426742314020597,0.32736876465177006,0.40585774058577406,1.663400594248007,0.0,239
193,train,blind,3.0,0,0.5020268853461184,0.19407680927326823,0.3234613086434255,0.24020540028436413,0.026435907789852827,0.017261539138736647,1.545599333162587,1.5998938757006593,0.1927279847561188,-0.22188125814333834,0.43437490726727795,0.24686192468619247,1.5998938769104414,0.0,239
194,train,blind,3.0,0,0.0014944071429085072,0.0006314820041640119,0.001052469944769651,0.0,0.0,0.016392378374217195,1.676221092874535,1.675077154546602,0.00063148195187758,-0.194706925925731,0.15098370871539216,0.5941422594142259,1.675077159435969,0.0,239
195,train,blind,3.0,0,0.012959528787482421,0.004114165360010417,0.006856941896353514,0.0,0.0,0.01674222221566855,1.6795854927605665,1.6749405865888716,0.004114165505209914,-0.19070651884363798,0.10095255052078697,0.6192468619246861,1.6749405879285377,0.0,239
196,train,blind,3.0,0,0.06283617998029117,0.01784398486010843,0.029739972471810438,0.002282236597528019,0.0,0.016627244125256728,1.6931623784069236,1.672451670947933,0.0178439847768459,-0.19111597627819127,0.1096768450102377,0.606694560669456,1.6724516693196667,0.0,239
197,train,blind,3.0,0,0.11952211124389958,0.041306592520992114,0.06884431524052934,0.02643590716637328,0.0009509319416149889,0.01689831025228216,1.6793909626525816,1.6676401134315395,0.041290430916937466,-0.1918924577930324,0.1349594943470133,0.5774058577405857,1.6676401088750803,0.0,239
198,train,blind,3.0,0,0.002028211354079294,0.0006236890404659667,0.0010394816758033428,0.0,0.0,0.015673613255633097,1.6297052784444896,1.6287925557611378,0.0006236890014908841,-0.1872329860714828,0.11979583963915844,0.5983263598326359,1.628792569967045,0.0,239
199,train,blind,3.0,0,0.33866766505446294,0.1321320109190116,0.22021998873604687,0.19189805945841337,0.016165842945106857,0.01708124542733553,1.6012004449277741,1.6608853621961681,0.13154028346207078,-0.2161330910739868,0.3618505000148372,0.3807531380753138,1.660885346988693,0.0,239
200,train,blind,3.0,0,0.33866766505446294,0.1303892330694325,0.21731535906758048,0.19037656984818033,0.017687334051690838,0.016759796095349548,1.5865412349481463,1.647139304103213,0.129586031175597,-0.21244100675326863,0.33232440131754654,0.3598326359832636,1.6471393089732393,0.0,239
201,train,blind,3.0,0,0.0023364956484850357,0.0005924827171640961,0.0009874711101006464,0.0,0.0,0.01604884654813481,1.656246978867503,1.6560270656601654,0.0005924826848561043,-0.19251044762470357,0.14119113326804952,0.5732217573221757,1.6560270643935329,0.0,239
202,train,blind,3.0,0,0.0760018663305159,0.028064363350426617,0.04677393397998085,0.015785469981416996,0.0011411183299379866,0.01661022323881233,1.659870453958232,1.6623727986004562,0.028034125883183363,-0.2029973097856567,0.25080862933618203,0.41422594142259417,1.662372799726807,0.0,239
203,train,blind,3.0,0,0.04055127557113798,0.011013950841188641,0.018356583662410015,0.0,0.0,0.01620236840138064,1.674311278006023,1.659996541224763,0.011013950690646339,-0.19068123507481988,0.12424701029704144,0.5690376569037657,1.6599965425010104,0.0,239
204,train,blind,3.0,0,0.09973252267304225,0.041594581143970376,0.06932429619991731,0.03252187115627353,0.0013313047182609845,0.01647547314286419,1.6757986789966728,1.6809376288657407,0.041579691280207665,-0.20827109993961976,0.2943114038992255,0.3598326359832636,1.6809376313299669,0.0,239
205,train,blind,3.0,0,0.24477059851891544,0.08060316316240075,0.13433858958724235,0.08862685427755491,0.0034233549898139604,0.016596774321252082,1.6575979929588829,1.6729146608747698,0.0805050650389116,-0.19714934441260118,0.16650345707587763,0.5271966527196653,1.6729146745312575,0.0,239
206,train,blind,3.0,0,0.013958485612926312,0.003819614166786778,0.006366023087652915,0.0,0.0,0.016056562540078513,1.67991491940231,1.6761272212950256,0.0038196142068578206,-0.19338728353400841,0.1348111219917505,0.606694560669456,1.6761272225968173,0.0,239
207,train,blind,3.0,0,0.46892580401234446,0.17149541481669237,0.28582566063886433,0.20445036233469033,0.009128946639503893,0.017544518186901715,1.6254108321217813,1.6498341128915923,0.17125940743910376,-0.21322402264619658,0.39986349743315835,0.2719665271966527,1.649834108228009,0.0,239
208,train,blind,3.0,0,0.09046236122763525,0.02034040894261627,0.03390068003564277,0.0015214911065839823,0.0,0.015893153684548876,1.6793540531621318,1.6605969442982056,0.020340408707106614,-0.19111668085744923,0.10955814712602749,0.5983263598326359,1.660596937207228,0.0,239
209,train,blind,3.0,0,0.2531380511106846,0.08098848490061218,0.13498079187791892,0.08254089059939444,0.0022822366598759733,0.0159525162273449,1.6715965565278441,1.6563554256530986,0.08092647987653448,-0.20077208610025588,0.22760319297308523,0.4351464435146444,1.6563554361271073,0.0,239
210,eval,blind,3.0,0,0.3069478625608959,0.08459156404767394,0.1409859233554701,0.07873716114953971,0.0,0.011061379647030491,1.1556579301048024,1.1480474033116297,0.08459156431530132,-0.1331401668577511,0.059972105997210604,0.9079497907949791,1.1480474057998122,0.0,239
211,eval,blind,3.0,0,0.24895398218523726,0.06444199293746275,0.10740331087582189,0.042791935315191994,0.0,0.010622560114806293,1.1484711070439806,1.0852811421310553,0.06444199352328389,-0.12189782013742019,0.04225644677883617,0.895397489539749,1.0852811393816189,0.0,239
212,eval,blind,3.0,0,0.046663172881091675,0.012946037468837747,0.021576728340413444,0.0,0.0,0.010886582160158137,1.1237763480661305,1.0941598654790903,0.012946037548020867,-0.1197108180827319,0.0,1.0,1.094159863415988,0.0,239
213,eval,blind,3.0,0,0.4392558730871779,0.12572323426987977,0.20953869775674847,0.13065804410180287,0.0,0.01074733960181163,1.1850391968024825,1.1207109651056792,0.1257232341475889,-0.13518071049074412,0.13700703284963944,0.7196652719665272,1.1207109602384815,0.0,239
214,eval,blind,3.0,0,0.017240593236713734,0.0056683402684764165,0.009447233455659185,0.0,0.0,0.011087906636515921,1.1177410445951517,1.1044268770197945,0.005668340228321654,-0.12378431101243878,0.014570165286803763,0.8577405857740585,1.1044268841509781,0.0,239
215,eval,blind,3.0,0,0.18307093769721308,0.061744627651933115,0.10290770148824331,0.05039939134689554,0.0,0.010877984309000076,1.089426269840496,1.072913424614583,0.06174462733806231,-0.13918123937775406,0.1793525030416333,0.6610878661087866,1.0729134232124231,0.0,239
216,eval,blind,3.0,0,0.4615407718850152,0.14271322858166588,0.2378553554025602,0.13217953452255934,0.0,0.010689446717212328,1.0706945188873482,1.0449332870449481,0.1427132286967417,-0.15773294921113676,0.4187364610225824,0.3138075313807531,1.0449332911642777,0.0,239
217,eval,blind,3.0,0,0.40549756067851994,0.12305999889051776,0.2050999698410759,0.13921643132694594,0.0,0.010422180282053339,1.1778463142686308,1.0527208797851866,0.1230599982911189,-0.13604555125072104,0.16445591857325145,0.5146443514644351,1.052720879540017,0.0,239
218,eval,blind,3.0,0,0.007217877699358381,0.0025138615762508496,0.004189769127703307,0.0,0.0,0.011139516434223083,1.110752248614403,1.1027772444062651,0.002513861594090645,-0.12308272661643839,0.005371079260512181,0.9456066945606695,1.1027772430084988,0.0,239
219,eval,blind,3.0,0,0.21150077816593815,0.04728533550528235,0.07880888576147456,0.018067706142509334,0.0,0.010997071608932199,1.1608858465150809,1.1707091351433279,0.04728533563293126,-0.12912496317901706,0.019881895605210836,0.9581589958158996,1.1707091328203285,0.0,239
220,train,blind,3.0,0,0.5019918537838604,0.16222019975689686,0.27036696922641185,0.17306960819904774,0.007797641921242909,0.017182614333795143,1.6723090350378507,1.6593138575553894,0.16204393331406425,-0.20990360826859503,0.3253509006201964,0.3807531380753138,1.6593138610390872,0.0,239
221,train,blind,3.0,0,0.09350415801189335,0.035172842065545246,0.05862139828869852,0.02225180687265915,0.0009509319416149889,0.016455141897605552,1.7045116167686973,1.704645501021062,0.03515265632524468,-0.2087227571290366,0.28710050743345494,0.39748953974895396,1.704645500348239,0.0,239
222,train,blind,3.0,0,0.5016285056306393,0.19381141855048256,0.3230189900273807,0.2485736015576199,0.02548497584823784,0.017848659254158517,1.5802596198963819,1.6472786974208624,0.19274039203778423,-0.22283457851745542,0.4368675628356925,0.2175732217573222,1.647278687750281,0.0,239
223,train,blind,3.0,0,0.031455413804247795,0.008720369200738149,0.014533947828761837,0.0,0.0,0.016181530091895966,1.6738367754046388,1.6634478878276617,0.008720369145787924,-0.19600301408236076,0.19012433603371018,0.4560669456066946,1.663447900866229,0.0,239
224,train,blind,3.0,0,0.10614912902745642,0.038764188353441524,0.06460697556368858,0.024534043657231032,0.0009509319416149889,0.016351741132673233,1.6878005183890274,1.684910199382814,0.03874840509565139,-0.20013974231621326,0.19430843645212023,0.5146443514644351,1.6849102008231471,0.0,239
225,train,blind,3.0,0,0.0349310103396663,0.009725093100950056,0.016208487536836607,0.0,0.0,0.016269105741808728,1.698478541114839,1.687652723060991,0.009725092902870483,-0.19107383516587267,0.09418677112080477,0.6108786610878661,1.6876527275511781,0.0,239
226,train,blind,3.0,0,0.5020526421234931,0.1935429142600263,0.32257148082957215,0.25542031247246716,0.023963484928697723,0.016962900516191287,1.5500873940759123,1.6078313075348922,0.19238550990316278,-0.21820246418984426,0.45636369031722007,0.20502092050209206,1.607831309995183,0.0,239
227,train,blind,3.0,0,0.4769458410955545,0.17072698476444978,0.28454494016060766,0.209395207433521,0.015785470230808816,0.017090884117199164,1.645409549878731,1.6393017886074017,0.17014896003907232,-0.20842132721722523,0.2994747618623698,0.4602510460251046,1.6393017828542846,0.0,239
228,train,blind,3.0,0,0.22391449630794566,0.07422611005801083,0.12371017127824031,0.06808672533623843,0.0034233549898139604,0.01652422393613717,1.6581913621854583,1.644521615245851,0.07415059067451499,-0.20038296791869442,0.26057153031247215,0.41422594142259417,1.6445216239783103,0.0,239
229,train,blind,3.0,0,0.3109929788440381,0.09895770597800362,0.1649294900614135,0.10536325613823895,0.0038037277664599556,0.01587912321449199,1.6791964918998494,1.65889971625356,0.09886300795455609,-0.19945330801969738,0.22792961215466337,0.46443514644351463,1.6588997101659033,0.0,239
230,train,blind,3.0,0,0.005953148992843712,0.001649226593449137,0.0027487108115667952,0.0,0.0,0.0160903835544464,1.6875568523566593,1.6868920445940982,0.0016492266318686288,-0.20023873255946395,0.20421970978367313,0.5271966527196653,1.686892043959968,0.0,239
231,train,blind,3.0,0,0.2531380826036473,0.06992796050259457,0.1165465909221003,0.05401293253798864,0.0024724230481989714,0.015768300786723526,1.6717170965721417,1.6495591743720626,0.0698790114530239,-0.19582387137765767,0.19380397044422681,0.5230125523012552,1.6495591725691896,0.0,239
232,train,blind,3.0,0,0.3991743668428696,0.12050847700196618,0.20084744079207034,0.1232407761418171,0.0038037277664599556,0.017184447734831017,1.6714230828205412,1.68319735666698,0.12042748327573718,-0.20528249535011253,0.2680494970177157,0.401673640167364,1.6831973435660168,0.0,239
233,train,blind,3.0,0,0.06794362143753681,0.019801334543094583,0.03300222197932389,0.0011411183299379866,0.0,0.01680103189674319,1.7049094648041985,1.694400327475001,0.019801334495572535,-0.19391586640944308,0.12492952313125016,0.5690376569037657,1.6944003246166206,0.0,239
234,train,blind,3.0,0,0.43151489933949033,0.13391270014717788,0.2231878108932011,0.13750475426847467,0.007036896367950918,0.016564119839066617,1.700144176702619,1.698037468239852,0.13372830233027222,-0.21045131854010118,0.29983085551500044,0.3472803347280335,1.6980374676386785,0.0,239
235,train,blind,3.0,0,0.44414848793262934,0.1516647689940971,0.2527745904877809,0.174400912543221,0.015975656619131813,0.0165873751235214,1.6447869624054083,1.62585782905004,0.15097369912946762,-0.2019898595217451,0.24508145642303925,0.48535564853556484,1.6258578269356143,0.0,239
236,train,blind,3.0,0,0.5016285056306393,0.15985956518484254,0.2664325827104697,0.15290985247081293,0.015595283717789909,0.016102244674177472,1.5560681964563026,1.5560635233523956,0.15920153746198012,-0.20189310613721118,0.3484079646280305,0.33472803347280333,1.5560635228091215,0.0,239
237,train,blind,3.0,0,0.21562707504729067,0.05810167454040018,0.0968361162572878,0.03594522652017521,0.003993914154782953,0.015711180657288645,1.6453325748443604,1.6358906240144035,0.058008193796443085,-0.1935308292898952,0.18240897356004626,0.5271966527196653,1.6358906242695737,0.0,239
238,train,blind,3.0,0,0.36126752409238416,0.12341890049211547,0.20569814539498166,0.15576264767217834,0.005705591649689934,0.016541160541785314,1.6548221168657726,1.643642880926571,0.12323505189559601,-0.19794804408791689,0.23540757885990682,0.4686192468619247,1.643642875279196,0.0,239
239,train,blind,3.0,0,0.228072871281629,0.08002818918749315,0.13338030098440798,0.07550399435613943,0.003993914154782953,0.016215323871897853,1.642397857610152,1.656694495528313,0.0799428905819197,-0.20122138536224132,0.2511647229888127,0.4393305439330544,1.6566945037620648,0.0,239
240,eval,blind,3.0,0,0.3959428790102983,0.04749093970277047,0.07915156120064822,0.01122099691105687,0.0,0.011007045185247973,1.0923712268534065,1.2938366826608092,0.047490939614271685,-0.1617054175215899,0.18045045847057775,0.29707112970711297,1.293836690436659,0.0,239
241,eval,blind,3.0,0,0.2947040708871606,0.0763200699717596,0.127200106455462,0.05192088264052339,0.0,0.01008961672766064,1.1812231109232085,1.1930333281161896,0.07632007026266091,-0.13352403262903853,0.03566871420516929,0.8326359832635983,1.1930333259791275,0.0,239
242,eval,blind,3.0,0,0.5020884493196984,0.06406761059729262,0.10677934438882178,0.013122860794286848,0.0,0.011615764421788842,1.1327675608411494,1.3903193628438846,0.06406761049026907,-0.1662250235208937,0.20421970978367313,0.5104602510460251,1.3903193651350412,0.0,239
243,eval,blind,3.0,0,0.010237416458047271,0.0024079628599481023,0.004013271138722771,0.0,0.0,0.009821001672143094,1.1616147853839347,1.1601620221736542,0.002407962850449781,-0.12821649757605777,0.012908394907860766,0.9121338912133892,1.1601620246389754,0.0,239
244,eval,blind,3.0,0,0.502052641987655,0.09597329329184785,0.15995547691845138,0.03993914086200203,0.0,0.011276349565598755,1.237772730105093,1.3852403986902915,0.09597329337920502,-0.16185863696121577,0.040416629573577834,0.8410041841004184,1.3852403969795595,0.0,239
245,eval,blind,3.0,0,2.1493512025067902e-05,6.20914952416425e-06,1.0348582337318168e-05,0.0,0.0,0.009976716451035135,1.170093249825753,1.170071568449172,6.209145414313714e-06,-0.13388324127715853,0.012492952313125019,0.8577405857740585,1.1700715724624817,0.0,239
246,eval,blind,3.0,0,0.215627043554328,0.044441916483242395,0.07406985632497179,0.01654621541001308,0.0001901863883229978,0.010094910842526283,1.1379163948561857,1.1904972178167879,0.044440460452335864,-0.14224406293189287,0.0502092050209205,0.803347280334728,1.190497219944131,0.0,239
247,eval,blind,3.0,0,0.36126752409238416,0.10018607382060425,0.16697676800747055,0.14815519089229934,0.0,0.01062376579176245,0.9919077667980514,1.179292793054461,0.10018607358527726,-0.1614621540440096,0.32181963856494267,0.5397489539748954,1.1792927941067546,0.0,239
248,eval,blind,3.0,0,0.33866769455229107,0.06088880999230538,0.1014813429912054,0.030429821321156233,0.0,0.01091549784786781,1.2126229864284084,1.3281339067794289,0.06088881025463562,-0.14203990691607002,0.033027686281492025,0.9330543933054394,1.3281339075139098,0.0,239
249,eval,blind,3.0,0,0.2947040708871606,0.07315896984985111,0.12193160553859297,0.05039939203272305,0.0,0.00946216390440903,1.0091195302278926,1.0650780043841406,0.07315896971160792,-0.14418670424625174,0.2417875901362058,0.5983263598326359,1.0650779987736936,0.0,239
250,train,blind,3.0,0,0.2947040708871606,0.08896202149753282,0.14827001925600047,0.09166983761298607,0.004564473319751947,0.016303358732032976,1.645194913054111,1.6666870990058866,0.08882313480566435,-0.2104443616912607,0.34523279622540726,0.3305439330543933,1.6666871020575234,0.0,239
251,train,blind,3.0,0,0.09046233746581896,0.023945701407900283,0.03990950010414065,0.0022822366598759733,0.0001901863883229978,0.015998631649529835,1.6742018969986727,1.6680133956246794,0.023936433158820995,-0.20014940735662345,0.22801863556782098,0.4225941422594142,1.6680133992235024,0.0,239
252,train,blind,3.0,0,0.0005835245887526782,0.00015350839776261203,0.00025584730029249347,0.0,0.0,0.01604628903502949,1.6729645928578396,1.6728241408719178,0.00015350843036742627,-0.19664912731268427,0.1878690762337161,0.48535564853556484,1.6728241513309232,0.0,239
253,train,blind,3.0,0,0.3269574497412977,0.10303067369511372,0.1717177706217413,0.10935716979423826,0.010270064969441882,0.01652858071574731,1.5902790334932975,1.6178969730891941,0.10248244806063979,-0.21179324236107247,0.384462446956883,0.30962343096234307,1.6178969759643131,0.0,239
254,train,blind,3.0,0,0.2905912866229464,0.07884412137452376,0.13140685783941972,0.058197033642226184,0.0019018638832299778,0.01610459917649689,1.6870621338050236,1.652561125146794,0.07880612659085055,-0.197038904344242,0.20694976112050803,0.5188284518828452,1.652561132034246,0.0,239
255,train,blind,3.0,0,0.30694783156671684,0.08514137620284859,0.14190228129882598,0.06047927011505829,0.003993914154782953,0.01621939824839516,1.7011478221566108,1.684541362848242,0.0850743372275513,-0.21168870822182814,0.3549363482595923,0.3179916317991632,1.6845413671625835,0.0,239
256,train,blind,3.0,0,0.0003611348120901913,9.720337134639822e-05,0.00016200560807283563,0.0,0.0,0.01577873577102707,1.672007633053608,1.6718525716949209,9.72034042252025e-05,-0.1965943436946067,0.17380337695480577,0.5271966527196653,1.671852575926734,0.0,239
257,train,blind,3.0,0,0.012959528787482421,0.0033593666485598017,0.005598944054072186,0.0,0.0,0.01549253632824977,1.6453815294608911,1.6434769071794455,0.003359366734684003,-0.19090915321919494,0.15442594735748832,0.5104602510460251,1.643476903550639,0.0,239
258,train,blind,3.0,0,0.06283617998029117,0.01963640341854744,0.032727337334751715,0.003233168539143008,0.0,0.016159398011691774,1.6709344885838082,1.6598371529180136,0.019636403434804182,-0.19527074154140606,0.1742188195495415,0.4895397489539749,1.659837167814173,0.0,239
259,train,blind,3.0,0,0.3028837280172224,0.08763403249182093,0.146056708245969,0.07531380778077257,0.0019018638832299778,0.016406830830819064,1.6629977727534881,1.631443784326689,0.0875966498777218,-0.20113373897971734,0.2926793079913351,0.3682008368200837,1.6314437877141532,0.0,239
260,train,blind,3.0,0,0.00046352766528258015,0.00012804710940179264,0.00021341183224900443,0.0,0.0,0.016130202584295966,1.6810413549135919,1.6810580861119546,0.0001280471239841512,-0.20004848630286212,0.20475385026261908,0.4811715481171548,1.681058091697339,0.0,239
261,train,blind,3.0,0,0.4706366194916741,0.15484193515891154,0.2580698668151165,0.17040699951070123,0.0171167749490698,0.016085433407402188,1.5115263327395068,1.522855506531863,0.15391022051068173,-0.20510241528718634,0.3991809845989496,0.2928870292887029,1.5228555054586226,0.0,239
262,train,blind,3.0,0,0.4260901446999406,0.13595825331618036,0.22659706321166717,0.1472042605717312,0.004184100543105951,0.016926655462050664,1.6486184646893745,1.647850527424194,0.13587477444435767,-0.21613296256077624,0.3966586545594825,0.28451882845188287,1.647850536902379,0.0,239
263,train,blind,3.0,0,0.4811274396703373,0.15497272557605207,0.2582878449130289,0.1633701030180544,0.009699505804472887,0.016627380289293232,1.5697430000644348,1.607589755347583,0.15455083629568514,-0.2070272357438582,0.36104928929641833,0.25523012552301255,1.6075897627273725,0.0,239
264,train,blind,3.0,0,0.07326333691171423,0.01744328004755988,0.029072131754828166,0.0026626093118260596,0.0001901863883229978,0.015366773964704704,1.660137521173166,1.6482601230613356,0.01743891524359596,-0.2024626238180477,0.28336152408083326,0.40585774058577406,1.6482601183303702,0.0,239
265,train,blind,3.0,0,0.1830709686913921,0.05151040521017208,0.08585067025665602,0.028147584287192533,0.003993914154782953,0.01636918785564882,1.5836424443512283,1.5829674062868542,0.05130339895799712,-0.18885791715798295,0.17481230897059258,0.5062761506276151,1.5829674028937377,0.0,239
266,train,blind,3.0,0,0.10291769171121948,0.026114044983918287,0.04352340545572504,0.0062761507523109725,0.0003803727766459956,0.015139085745290857,1.6308338370283277,1.627977047754631,0.026075217476912004,-0.19228039781112505,0.17410012166533131,0.5564853556485355,1.6279770316529463,0.0,239
267,train,blind,3.0,0,0.40549758593668717,0.13118390039918082,0.21863980827787083,0.15405096992787956,0.007417269144596914,0.016504322632632868,1.6001549480350445,1.6125657690618826,0.1309275667134818,-0.19860248715830825,0.24517047983619694,0.48535564853556484,1.612565770190166,0.0,239
268,train,blind,3.0,0,0.26150266818706364,0.08963900331418015,0.1493983210557531,0.10232027398741894,0.013313047182609845,0.01598369697241354,1.554171959725384,1.5811879233336348,0.08886166231712948,-0.20563706428138293,0.32594439004124753,0.36401673640167365,1.5811879116395517,0.0,239
269,train,blind,3.0,0,0.4595582126649525,0.18209954306273696,0.3034991968541583,0.2565614304283174,0.035374668165729636,0.01613497399728917,1.4309638965578757,1.528329359936415,0.18009529693796392,-0.2217284690742755,0.48399062286714745,0.2594142259414226,1.528329354916474,0.0,239
270,eval,blind,3.0,0,0.023700621450150866,0.007272356077816794,0.012120592985118332,0.0,0.0,0.011607854003593264,1.0858890997814832,1.0710438402626803,0.007272356014068445,-0.12195742710480825,0.001335351197364907,0.99581589958159,1.0710438361049077,0.0,239
271,eval,blind,3.0,0,0.002674004892043177,0.0010139192379321844,0.0016898652142893803,0.0,0.0,0.011849995971380667,1.067238109381129,1.0642982546754463,0.001013919215678105,-0.11735586130996048,0.0,1.0,1.064298256610559,0.0,239
272,eval,blind,3.0,0,0.0007224766159197316,0.00025567234179373267,0.0004261205497767219,0.0,0.0,0.011797855734809548,1.0595454261891513,1.0588958385599208,0.00025567230447020114,-0.11667798365767293,0.002433306626309386,0.9916317991631799,1.0588958451654458,0.0,239
273,eval,blind,3.0,0,0.32300136876191454,0.08423966611899916,0.14039943456460058,0.048497527027229884,0.0001901863883229978,0.011015048277833223,1.0421471791536738,1.0786307528926737,0.0842379774460759,-0.12773265810730647,0.07679753108400844,0.8786610878661087,1.0786307502569257,0.0,239
274,eval,blind,3.0,0,0.21976545920194163,0.03569141701785054,0.05948569170387718,0.0038037277664599556,0.0,0.011316200299383333,1.056069936213633,1.1271791926986503,0.03569141700609941,-0.13123652507065495,0.11801537137600521,0.7531380753138075,1.1271791913223808,0.0,239
275,eval,blind,3.0,0,0.0008817244371400257,0.0003378720233223214,0.000563120016393205,0.0,0.0,0.01177253345783535,1.0746449386724368,1.0735336140608687,0.00033787202408340483,-0.12335275120567088,0.0,1.0,1.0735336093779773,0.0,239
276,eval,blind,3.0,0,0.04457112279658256,0.009753545395134672,0.01625590825638009,0.0,0.0,0.01117648767642521,1.0606121111614435,1.0523514366050146,0.009753545267211769,-0.1198668825028017,0.04296863408409744,0.891213389121339,1.0523514378020273,0.0,239
277,eval,blind,3.0,0,0.4955261374568512,0.09285057096088901,0.15475094174338108,0.028337771111951213,0.0003803727766459956,0.01122546940847109,1.0347277502135752,1.2129900635036963,0.09284437857660204,-0.14885172819640727,0.16964895100744834,0.5104602510460251,1.2129900743704647,0.0,239
278,eval,blind,3.0,0,0.0001001795120615216,4.0550698046660185e-05,6.758449061517507e-05,0.0,0.0,0.011748416450607228,1.0664110378241438,1.0662926206030108,4.055069710291673e-05,-0.12004566317943532,0.0,1.0,1.066292618505593,0.0,239
279,eval,blind,3.0,0,0.07326335892778778,0.0170962411991153,0.028493733985258694,0.0,0.0,0.011370562013067211,1.0734760090396993,1.0597260983419219,0.017096241371394146,-0.1172266307028522,0.0,1.0,1.0597260970081268,0.0,239
280,train,blind,3.0,0,0.2947040708871606,0.08545578277622842,0.14242628903213325,0.08653480450478558,0.002852795824844967,0.01604525697764368,1.627897243370072,1.6065970341281413,0.08538743936831558,-0.20306040702518827,0.3224724769280988,0.3305439330543933,1.6065970344978084,0.0,239
281,train,blind,3.0,0,0.4653420529930334,0.15998287244359416,0.26663809184815,0.16755420312472466,0.005325218873043938,0.01669175937678275,1.6051767760240883,1.6003662754302244,0.15985381648598496,-0.196816384043061,0.27505267218611823,0.4560669456066946,1.600366272518901,0.0,239
282,train,blind,3.0,0,0.03674998030288848,0.008833871322216868,0.014723117898508642,0.0,0.0,0.015763851792539887,1.638597052965204,1.6346475499444426,0.008833871403378804,-0.2018496280176526,0.29270898246238763,0.4100418410041841,1.6346475475731321,0.0,239
283,train,blind,3.0,0,0.07326335892778778,0.022559418380239765,0.03759902856452975,0.003993914154782953,0.0001901863883229978,0.016170390186028626,1.6721574571840934,1.6614006992164516,0.022553843427170605,-0.19383360480806486,0.1526751535653877,0.5648535564853556,1.6614006935698271,0.0,239
284,train,blind,3.0,0,0.4653420398303694,0.1630084940905926,0.2716807878651292,0.1936097377014958,0.01806770689068479,0.016375857019586545,1.4920325566036432,1.5486621288076106,0.16205787596783358,-0.20985235937067367,0.431051366509392,0.2510460251046025,1.5486621291823266,0.0,239
285,train,blind,3.0,0,0.0012663877662295617,0.00036437500131043224,0.0006072916285082246,0.0,0.0,0.015739586325089552,1.6320600399911154,1.6319419634392072,0.00036437498273999647,-0.19166275651949258,0.1522003620285468,0.5271966527196653,1.631941960906709,0.0,239
286,train,blind,3.0,0,0.48599371905867245,0.15468894667582728,0.2578148837562964,0.1557626476098304,0.008368201086211903,0.016777798223648235,1.609745551851504,1.6120471560306628,0.15447022683333841,-0.19976620222305772,0.2784652363571619,0.42677824267782427,1.6120471590716046,0.0,239
287,train,blind,3.0,0,0.1751345835546242,0.05374052698939389,0.08956753768058003,0.0387980219085845,0.0007607455532919912,0.015939058671670354,1.6351841772949347,1.6248676724513704,0.05372703256114497,-0.1889685023530361,0.1561173922074839,0.5313807531380753,1.6248676661150245,0.0,239
288,train,blind,3.0,0,0.41162967206828666,0.15022581598354176,0.25037632838741436,0.20273868540091494,0.014454165512547832,0.01625501104751329,1.5468432651404058,1.585793792453271,0.14955392374453003,-0.20817763792850968,0.3438677705569899,0.33472803347280333,1.5857937894607694,0.0,239
289,train,blind,3.0,0,0.35386675944174084,0.10746890783428543,0.17911482605450907,0.10536325644997872,0.004564473319751947,0.016163987105626568,1.660420490109272,1.6298073026425668,0.10738930056327282,-0.19806575856419914,0.248553369536188,0.4560669456066946,1.6298073053253526,0.0,239
290,train,blind,3.0,0,0.23223904260317552,0.09571953783032079,0.15953254194933666,0.127615061763939,0.020159757099889812,0.01583510206497925,1.5112182792260558,1.5826072233990147,0.0942550986698989,-0.21101484477919472,0.3617021276595745,0.3389121338912134,1.5826072183945634,0.0,239
291,train,blind,3.0,0,0.5000638219418426,0.1754296404729628,0.29238270073164657,0.20026626060697325,0.01293267440596385,0.016862937005696563,1.6013860143876975,1.6391971255944862,0.17506129538323648,-0.20668469378366475,0.3329475652096502,0.3682008368200837,1.6391971271105217,0.0,239
292,train,blind,3.0,0,0.09973254793120946,0.024129679233524885,0.04021612913703359,0.0022822366598759733,0.0001901863883229978,0.01579089938744778,1.6662674833042352,1.662807580816197,0.024126158275177056,-0.1910588658157438,0.12700673610492894,0.5606694560669456,1.6628075740247457,0.0,239
293,train,blind,3.0,0,0.33866769455229107,0.11094750877159316,0.18491249431351955,0.1226702176626756,0.004184100543105951,0.01696164437246248,1.6562288962148721,1.6385152763901396,0.11087260564232246,-0.19788452853471214,0.23582302145464254,0.48535564853556484,1.638515278815556,0.0,239
294,train,blind,3.0,0,0.09046236122763525,0.021931109817205842,0.036551847199205054,0.0020920502715529757,0.0001901863883229978,0.016281188707253175,1.6726664369575148,1.6626847209291977,0.021927458431145394,-0.19218018782307028,0.13944033947594883,0.5774058577405857,1.6626847248355974,0.0,239
295,train,blind,3.0,0,0.1595777480052146,0.0459185114341,0.07653084667465587,0.022632180023392873,0.0015214911065839823,0.01554741450706224,1.6563717007138241,1.6465476277483058,0.04588464658516988,-0.20953232861447305,0.3588533784385293,0.28451882845188287,1.6465476232443197,0.0,239
296,train,blind,3.0,0,0.023700621450150866,0.005667202785455831,0.009445337641367565,0.0,0.0,0.016383124024424094,1.6593601075176414,1.6583162987581357,0.005667202698022566,-0.19342989780749245,0.15881776907326628,0.5230125523012552,1.6583162979487702,0.0,239
297,train,blind,3.0,0,0.4367288618482977,0.1294774707549782,0.21579576233343079,0.11981742127669905,0.007607455532919911,0.01663848396320535,1.6095970876546086,1.6190192006123116,0.12927241136941467,-0.19800902528889833,0.2592065046440547,0.3682008368200837,1.6190191969172325,0.0,239
298,train,blind,3.0,0,0.4948741555965635,0.16126604514127044,0.2687767161912831,0.15462153009041582,0.006656523591304923,0.016612188635339423,1.5820253374187518,1.5871828001413386,0.16111149136743594,-0.19812176345171736,0.29905931926763407,0.36401673640167365,1.5871828118006905,0.0,239
299,train,blind,3.0,0,0.20328998215313637,0.05689113608688831,0.09481855046112314,0.04089007224248543,0.0038037277664599556,0.015570790331545735,1.5880400154381118,1.6088840658445238,0.05675463650324947,-0.20145109977085557,0.3086144989465563,0.3682008368200837,1.6088840602197283,0.0,239
300,eval,blind,3.0,0,0.4859937123801958,0.09741897350093146,0.1623649402883461,0.11373145741149471,0.0,0.009011385627246802,0.892670212679827,1.021813386154973,0.09741897399654899,-0.1491908229636377,0.3571025846464287,0.37656903765690375,1.0218133846172364,0.0,239
301,eval,blind,3.0,0,0.48112744734638124,0.10155123561297039,0.16925204769754734,0.04678584959467086,0.0,0.011546380013211876,1.0986057527394475,1.217769144718617,0.10155123658402151,-0.14191668981702363,0.0726727796077035,0.8744769874476988,1.2177691399108599,0.0,239
302,eval,blind,3.0,0,0.13356819286291968,0.013868311599302973,0.023113850726244074,0.0020920502092050207,0.0,0.010529708729035935,0.9913459753142241,1.0271292922387063,0.013868311560853037,-0.12093731830602424,0.04584705777619514,0.7573221757322176,1.0271292963364955,0.0,239
303,eval,blind,3.0,0,0.0012663892698259907,0.00040524974820948357,0.0006754162185715812,0.0,0.0,0.012404122853565914,1.0369266423720196,1.0361228737372234,0.0004052497487270203,-0.11451789972229168,0.0,1.0,1.0361228769684978,0.0,239
304,eval,blind,3.0,0,0.03674998030288848,0.0069702839111155735,0.011617139364583232,0.0,0.0,0.012038247135689942,1.0317625348538035,1.0304202801512874,0.006970283710676641,-0.11607444992600695,0.0,1.0,1.0304202829523086,0.0,239
305,eval,blind,3.0,0,0.4994180284038787,0.10379294242352348,0.1729882292015474,0.03385317674740588,0.0,0.01087896801359858,1.0591219344398466,1.176322326001762,0.10379294256380639,-0.14077703533399544,0.0684590047182409,0.8786610878661087,1.1763223154554494,0.0,239
306,eval,blind,3.0,0,0.1161134909462402,0.01954743782768662,0.03257906160138476,0.0,0.0,0.01160753170753124,1.039457946142891,1.0530950561726942,0.019547437994181235,-0.11833539347456176,0.011513694768390753,0.9330543933054394,1.0530950582253151,0.0,239
307,eval,blind,3.0,0,0.32300136876191454,0.07973637400771234,0.13289394817830996,0.05020920402335322,0.0,0.011936601619606363,1.066832568231487,1.1191668283490457,0.0797363739201573,-0.13964079609932456,0.09433514347606754,0.891213389121339,1.1191668328484332,0.0,239
308,eval,blind,3.0,0,0.372095166128404,0.08057183152692483,0.13428637764701462,0.05895777863438658,0.0,0.010190054688555925,0.9682970869990073,1.0482346300799477,0.08057183105410937,-0.1388612454651414,0.2088489272678714,0.5857740585774058,1.0482346349877996,0.0,239
309,eval,blind,3.0,0,0.29059125512998374,0.06286920219616332,0.10478199789843426,0.027006466206646363,0.0,0.011754530976881044,1.074745251793243,1.1394290472673072,0.06286920153313788,-0.13660365688317277,0.022611946942045755,0.8786610878661087,1.1394290470933484,0.0,239
310,train,blind,3.0,0,0.2364117139628913,0.06355061224390761,0.10591767815885265,0.04203119057242342,0.0009509319416149889,0.0159055972783573,1.634680084354209,1.6221221296358308,0.06352523896649667,-0.1920163752737528,0.16840262322324104,0.5271966527196653,1.6221221217673583,0.0,239
311,train,blind,3.0,0,0.002028211354079294,0.0005449732020241598,0.0009082886629063776,0.0,0.0,0.01560864559955365,1.6338527509358138,1.6335689869385883,0.0005449732677893792,-0.19163019142973958,0.16228968218641504,0.5230125523012552,1.633568991856466,0.0,239
312,train,blind,3.0,0,0.2656803508259933,0.08182459927808686,0.13637432068381528,0.06751616604657353,0.002852795824844967,0.016287086132103303,1.6402147180365718,1.650633400454182,0.08175556937616017,-0.1956902964912967,0.18371465028635864,0.5690376569037657,1.650633400648794,0.0,239
313,train,blind,3.0,0,0.04457112279658256,0.010062344314749805,0.016770573188832676,0.0,0.0,0.015714782946762554,1.6389697929805294,1.6353950739904428,0.010062344281726395,-0.19339686244045934,0.1781655241995311,0.4811715481171548,1.6353950644388922,0.0,239
314,train,blind,3.0,0,0.5016285056306393,0.1463281107498154,0.24388016103257237,0.12324077645355687,0.0038037277664599556,0.016327045912460803,1.6279649806820697,1.6523796197759557,0.14626330905429538,-0.2049837833859013,0.286833437193982,0.3723849372384937,1.652379607148443,0.0,239
315,train,blind,3.0,0,0.0005835245887526782,0.00013723959629380079,0.00022873264616354082,0.0,0.0,0.01566711322221297,1.6225596496749624,1.6224821067754194,0.00013723957851108638,-0.19685663738543163,0.2429448945072554,0.4435146443514644,1.6224820994932518,0.0,239
316,train,blind,3.0,0,0.478391402922768,0.15126855435460795,0.25211423401373523,0.14910612532783252,0.006276150814658927,0.01736176017648443,1.6655124395961043,1.704048136537544,0.15113858113123935,-0.21859366721598436,0.38612421733582597,0.28870292887029286,1.7040481336942714,0.0,239
317,train,blind,3.0,0,0.30288375901140147,0.09409385540362625,0.15682307209000143,0.11049828912174353,0.006466337202981925,0.016217276027278047,1.557421199946224,1.6020923720742868,0.09385423654431982,-0.19719020245150334,0.23620878957832578,0.45188284518828453,1.602092376832405,0.0,239
318,train,blind,3.0,0,0.39055816244217567,0.12305185077251861,0.20508640085605795,0.11069749199367802,0.003918495414585903,0.01606563705918861,1.6205616172017723,1.6315256012924786,0.12296388066372323,-1.0622351473976015,0.2658045977011494,0.4525862068965517,1.6315256043967905,0.004310344827586207,232
319,train,blind,3.0,0,0.5010294404741651,0.163133953003213,0.2718898928987564,0.17135793145231623,0.020159757162237765,0.015420633200633974,1.436857309301528,1.4903528505788188,0.16203290368268664,-0.21440291077073423,0.4999554882934211,0.18410041841004185,1.4903528540557387,0.0,239
320,train,blind,3.0,0,0.4554288604148302,0.1395579280541059,0.2325965242137549,0.12590338564068704,0.004754659708074945,0.01617074284164788,1.5643882100552196,1.5733851812873425,0.13943838792507282,-0.20180132537780973,0.35891272738063446,0.2928870292887029,1.5733851834571042,0.0,239
321,train,blind,3.0,0,0.4797851131429772,0.1469838593937798,0.2449730752478789,0.13084823173708496,0.004754659708074945,0.017000278007924932,1.6540279163975098,1.6486165486120279,0.14688975102543353,-0.22024437496921026,0.46253598029615123,0.24686192468619247,1.6486165422076202,0.0,239
322,train,blind,3.0,0,0.04253382063096937,0.009521653070710633,0.015869421123090553,0.0,0.0,0.015726891539164792,1.651230311293981,1.6498608369707561,0.009521653363347213,-0.1965310628156128,0.19326982996528086,0.46443514644351463,1.6498608441643028,0.0,239
